insert into Member (name,surname,age,gender,city,mail,birthday,real_user,id) values (name,surname,0,'FEMALE',city, mail,'2023-03-09 10:47:50',true,1);Insert into hive_member (hive_id, member_id, role) values (1,1,'QueenBee');insert into Device (description, brand,model,year,id) values (string,string,string,string,1);insert into Member_Device (device_id, member_id) values (1,1);insert into Member (name,surname,age,gender,city,mail,birthday,real_user,id) values (name,surname,0,'FEMALE',city, mail,'2023-03-09 10:47:50',true,2);Insert into hive_member (hive_id, member_id, role) values (1,2,'WorkerBee');insert into Device (description, brand,model,year,id) values (string,string,string,string,2);insert into Member_Device (device_id, member_id) values (2,2);insert into Member (name,surname,age,gender,city,mail,birthday,real_user,id) values (name,surname,0,'FEMALE',city, mail,'2023-03-09 10:47:50',true,3);Insert into hive_member (hive_id, member_id, role) values (1,3,'WorkerBee');insert into Device (description, brand,model,year,id) values (string,string,string,string,3);insert into Member_Device (device_id, member_id) values (3,3);insert into Member (name,surname,age,gender,city,mail,birthday,real_user,id) values (name,surname,0,'FEMALE',city, mail,'2023-03-09 10:47:50',true,4);Insert into hive_member (hive_id, member_id, role) values (1,4,'WorkerBee');insert into Device (description, brand,model,year,id) values (string,string,string,string,4);insert into Member_Device (device_id, member_id) values (4,4);insert into Member (name,surname,age,gender,city,mail,birthday,real_user,id) values (name,surname,0,'FEMALE',city, mail,'2023-03-09 10:47:50',true,5);Insert into hive_member (hive_id, member_id, role) values (1,5,'WorkerBee');insert into Device (description, brand,model,year,id) values (string,string,string,string,5);insert into Member_Device (device_id, member_id) values (5,5);insert into Member (name,surname,age,gender,city,mail,birthday,real_user,id) values (name,surname,0,'FEMALE',city, mail,'2023-03-09 10:47:50',true,6);Insert into hive_member (hive_id, member_id, role) values (1,6,'WorkerBee');insert into Device (description, brand,model,year,id) values (string,string,string,string,6);insert into Member_Device (device_id, member_id) values (6,6);insert into Member (name,surname,age,gender,city,mail,birthday,real_user,id) values (name,surname,0,'FEMALE',city, mail,'2023-03-09 10:47:50',true,7);Insert into hive_member (hive_id, member_id, role) values (1,7,'WorkerBee');insert into Device (description, brand,model,year,id) values (string,string,string,string,7);insert into Member_Device (device_id, member_id) values (7,7);insert into Member (name,surname,age,gender,city,mail,birthday,real_user,id) values (name,surname,0,'FEMALE',city, mail,'2023-03-09 10:47:50',true,8);Insert into hive_member (hive_id, member_id, role) values (1,8,'WorkerBee');insert into Device (description, brand,model,year,id) values (string,string,string,string,8);insert into Member_Device (device_id, member_id) values (8,8);insert into Member (name,surname,age,gender,city,mail,birthday,real_user,id) values (name,surname,0,'FEMALE',city, mail,'2023-03-09 10:47:50',true,9);Insert into hive_member (hive_id, member_id, role) values (1,9,'WorkerBee');insert into Device (description, brand,model,year,id) values (string,string,string,string,9);insert into Member_Device (device_id, member_id) values (9,9);insert into Member (name,surname,age,gender,city,mail,birthday,real_user,id) values (name,surname,0,'FEMALE',city, mail,'2023-03-09 10:47:50',true,10);Insert into hive_member (hive_id, member_id, role) values (1,10,'WorkerBee');insert into Device (description, brand,model,year,id) values (string,string,string,string,10);insert into Member_Device (device_id, member_id) values (10,10);insert into Member (name,surname,age,gender,city,mail,birthday,real_user,id) values (name,surname,0,'FEMALE',city, mail,'2023-03-09 10:47:50',true,11);Insert into hive_member (hive_id, member_id, role) values (1,11,'WorkerBee');insert into Device (description, brand,model,year,id) values (string,string,string,string,11);insert into Member_Device (device_id, member_id) values (11,11);insert into Member (name,surname,age,gender,city,mail,birthday,real_user,id) values (name,surname,0,'FEMALE',city, mail,'2023-03-09 10:47:50',true,12);Insert into hive_member (hive_id, member_id, role) values (1,12,'WorkerBee');insert into Device (description, brand,model,year,id) values (string,string,string,string,12);insert into Member_Device (device_id, member_id) values (12,12);insert into Member (name,surname,age,gender,city,mail,birthday,real_user,id) values (name,surname,0,'FEMALE',city, mail,'2023-03-09 10:47:50',true,13);Insert into hive_member (hive_id, member_id, role) values (1,13,'WorkerBee');insert into Device (description, brand,model,year,id) values (string,string,string,string,13);insert into Member_Device (device_id, member_id) values (13,13);insert into Member (name,surname,age,gender,city,mail,birthday,real_user,id) values (name,surname,0,'FEMALE',city, mail,'2023-03-09 10:47:50',true,14);Insert into hive_member (hive_id, member_id, role) values (1,14,'WorkerBee');insert into Device (description, brand,model,year,id) values (string,string,string,string,14);insert into Member_Device (device_id, member_id) values (14,14);insert into Member (name,surname,age,gender,city,mail,birthday,real_user,id) values (name,surname,0,'FEMALE',city, mail,'2023-03-09 10:47:50',true,15);Insert into hive_member (hive_id, member_id, role) values (1,15,'WorkerBee');insert into Device (description, brand,model,year,id) values (string,string,string,string,15);insert into Member_Device (device_id, member_id) values (15,15);insert into Member (name,surname,age,gender,city,mail,birthday,real_user,id) values (name,surname,0,'FEMALE',city, mail,'2023-03-09 10:47:50',true,16);Insert into hive_member (hive_id, member_id, role) values (1,16,'WorkerBee');insert into Device (description, brand,model,year,id) values (string,string,string,string,16);insert into Member_Device (device_id, member_id) values (16,16);insert into Member (name,surname,age,gender,city,mail,birthday,real_user,id) values (name,surname,0,'FEMALE',city, mail,'2023-03-09 10:47:50',true,17);Insert into hive_member (hive_id, member_id, role) values (1,17,'WorkerBee');insert into Device (description, brand,model,year,id) values (string,string,string,string,17);insert into Member_Device (device_id, member_id) values (17,17);insert into Member (name,surname,age,gender,city,mail,birthday,real_user,id) values (name,surname,0,'FEMALE',city, mail,'2023-03-09 10:47:50',true,18);Insert into hive_member (hive_id, member_id, role) values (1,18,'WorkerBee');insert into Device (description, brand,model,year,id) values (string,string,string,string,18);insert into Member_Device (device_id, member_id) values (18,18);insert into Member (name,surname,age,gender,city,mail,birthday,real_user,id) values (name,surname,0,'FEMALE',city, mail,'2023-03-09 10:47:50',true,19);Insert into hive_member (hive_id, member_id, role) values (1,19,'WorkerBee');insert into Device (description, brand,model,year,id) values (string,string,string,string,19);insert into Member_Device (device_id, member_id) values (19,19);insert into Member (name,surname,age,gender,city,mail,birthday,real_user,id) values (name,surname,0,'FEMALE',city, mail,'2023-03-09 10:47:50',true,20);Insert into hive_member (hive_id, member_id, role) values (1,20,'WorkerBee');insert into Device (description, brand,model,year,id) values (string,string,string,string,20);insert into Member_Device (device_id, member_id) values (20,20);insert into Member (name,surname,age,gender,city,mail,birthday,real_user,id) values (name,surname,0,'FEMALE',city, mail,'2023-03-09 10:47:50',true,21);Insert into hive_member (hive_id, member_id, role) values (1,21,'WorkerBee');insert into Device (description, brand,model,year,id) values (string,string,string,string,21);insert into Member_Device (device_id, member_id) values (21,21);insert into Member (name,surname,age,gender,city,mail,birthday,real_user,id) values (name,surname,0,'FEMALE',city, mail,'2023-03-09 10:47:50',true,22);Insert into hive_member (hive_id, member_id, role) values (1,22,'WorkerBee');insert into Device (description, brand,model,year,id) values (string,string,string,string,22);insert into Member_Device (device_id, member_id) values (22,22);insert into Member (name,surname,age,gender,city,mail,birthday,real_user,id) values (name,surname,0,'FEMALE',city, mail,'2023-03-09 10:47:50',true,23);Insert into hive_member (hive_id, member_id, role) values (1,23,'WorkerBee');insert into Device (description, brand,model,year,id) values (string,string,string,string,23);insert into Member_Device (device_id, member_id) values (23,23);insert into Member (name,surname,age,gender,city,mail,birthday,real_user,id) values (name,surname,0,'FEMALE',city, mail,'2023-03-09 10:47:50',true,24);Insert into hive_member (hive_id, member_id, role) values (1,24,'WorkerBee');insert into Device (description, brand,model,year,id) values (string,string,string,string,24);insert into Member_Device (device_id, member_id) values (24,24);insert into Member (name,surname,age,gender,city,mail,birthday,real_user,id) values (name,surname,0,'FEMALE',city, mail,'2023-03-09 10:47:50',true,25);Insert into hive_member (hive_id, member_id, role) values (1,25,'WorkerBee');insert into Device (description, brand,model,year,id) values (string,string,string,string,25);insert into Member_Device (device_id, member_id) values (25,25);insert into Member (name,surname,age,gender,city,mail,birthday,real_user,id) values (name,surname,0,'FEMALE',city, mail,'2023-03-09 10:47:50',true,26);Insert into hive_member (hive_id, member_id, role) values (1,26,'WorkerBee');insert into Device (description, brand,model,year,id) values (string,string,string,string,26);insert into Member_Device (device_id, member_id) values (26,26);insert into Member (name,surname,age,gender,city,mail,birthday,real_user,id) values (name,surname,0,'FEMALE',city, mail,'2023-03-09 10:47:50',true,27);Insert into hive_member (hive_id, member_id, role) values (1,27,'WorkerBee');insert into Device (description, brand,model,year,id) values (string,string,string,string,27);insert into Member_Device (device_id, member_id) values (27,27);insert into Member (name,surname,age,gender,city,mail,birthday,real_user,id) values (name,surname,0,'FEMALE',city, mail,'2023-03-09 10:47:50',true,28);Insert into hive_member (hive_id, member_id, role) values (1,28,'WorkerBee');insert into Device (description, brand,model,year,id) values (string,string,string,string,28);insert into Member_Device (device_id, member_id) values (28,28);insert into Member (name,surname,age,gender,city,mail,birthday,real_user,id) values (name,surname,0,'FEMALE',city, mail,'2023-03-09 10:47:50',true,29);Insert into hive_member (hive_id, member_id, role) values (1,29,'WorkerBee');insert into Device (description, brand,model,year,id) values (string,string,string,string,29);insert into Member_Device (device_id, member_id) values (29,29);insert into Member (name,surname,age,gender,city,mail,birthday,real_user,id) values (name,surname,0,'FEMALE',city, mail,'2023-03-09 10:47:50',true,30);Insert into hive_member (hive_id, member_id, role) values (1,30,'WorkerBee');insert into Device (description, brand,model,year,id) values (string,string,string,string,30);insert into Member_Device (device_id, member_id) values (30,30);insert into Member (name,surname,age,gender,city,mail,birthday,real_user,id) values (name,surname,0,'FEMALE',city, mail,'2023-03-09 10:47:50',true,31);Insert into hive_member (hive_id, member_id, role) values (1,31,'WorkerBee');insert into Device (description, brand,model,year,id) values (string,string,string,string,31);insert into Member_Device (device_id, member_id) values (31,31);insert into Member (name,surname,age,gender,city,mail,birthday,real_user,id) values (name,surname,0,'FEMALE',city, mail,'2023-03-09 10:47:50',true,32);Insert into hive_member (hive_id, member_id, role) values (1,32,'WorkerBee');insert into Device (description, brand,model,year,id) values (string,string,string,string,32);insert into Member_Device (device_id, member_id) values (32,32);insert into Member (name,surname,age,gender,city,mail,birthday,real_user,id) values (name,surname,0,'FEMALE',city, mail,'2023-03-09 10:47:50',true,33);Insert into hive_member (hive_id, member_id, role) values (1,33,'WorkerBee');insert into Device (description, brand,model,year,id) values (string,string,string,string,33);insert into Member_Device (device_id, member_id) values (33,33);insert into Member (name,surname,age,gender,city,mail,birthday,real_user,id) values (name,surname,0,'FEMALE',city, mail,'2023-03-09 10:47:50',true,34);Insert into hive_member (hive_id, member_id, role) values (1,34,'WorkerBee');insert into Device (description, brand,model,year,id) values (string,string,string,string,34);insert into Member_Device (device_id, member_id) values (34,34);insert into Member (name,surname,age,gender,city,mail,birthday,real_user,id) values (name,surname,0,'FEMALE',city, mail,'2023-03-09 10:47:50',true,35);Insert into hive_member (hive_id, member_id, role) values (1,35,'WorkerBee');insert into Device (description, brand,model,year,id) values (string,string,string,string,35);insert into Member_Device (device_id, member_id) values (35,35);insert into Member (name,surname,age,gender,city,mail,birthday,real_user,id) values (name,surname,0,'FEMALE',city, mail,'2023-03-09 10:47:50',true,36);Insert into hive_member (hive_id, member_id, role) values (1,36,'WorkerBee');insert into Device (description, brand,model,year,id) values (string,string,string,string,36);insert into Member_Device (device_id, member_id) values (36,36);insert into Member (name,surname,age,gender,city,mail,birthday,real_user,id) values (name,surname,0,'FEMALE',city, mail,'2023-03-09 10:47:50',true,37);Insert into hive_member (hive_id, member_id, role) values (1,37,'WorkerBee');insert into Device (description, brand,model,year,id) values (string,string,string,string,37);insert into Member_Device (device_id, member_id) values (37,37);insert into Member (name,surname,age,gender,city,mail,birthday,real_user,id) values (name,surname,0,'FEMALE',city, mail,'2023-03-09 10:47:50',true,38);Insert into hive_member (hive_id, member_id, role) values (1,38,'WorkerBee');insert into Device (description, brand,model,year,id) values (string,string,string,string,38);insert into Member_Device (device_id, member_id) values (38,38);insert into Member (name,surname,age,gender,city,mail,birthday,real_user,id) values (name,surname,0,'FEMALE',city, mail,'2023-03-09 10:47:50',true,39);Insert into hive_member (hive_id, member_id, role) values (1,39,'WorkerBee');insert into Device (description, brand,model,year,id) values (string,string,string,string,39);insert into Member_Device (device_id, member_id) values (39,39);insert into Member (name,surname,age,gender,city,mail,birthday,real_user,id) values (name,surname,0,'FEMALE',city, mail,'2023-03-09 10:47:50',true,40);Insert into hive_member (hive_id, member_id, role) values (1,40,'WorkerBee');insert into Device (description, brand,model,year,id) values (string,string,string,string,40);insert into Member_Device (device_id, member_id) values (40,40);insert into Member (name,surname,age,gender,city,mail,birthday,real_user,id) values (name,surname,0,'FEMALE',city, mail,'2023-03-09 10:47:50',true,41);Insert into hive_member (hive_id, member_id, role) values (1,41,'WorkerBee');insert into Device (description, brand,model,year,id) values (string,string,string,string,41);insert into Member_Device (device_id, member_id) values (41,41);insert into Member (name,surname,age,gender,city,mail,birthday,real_user,id) values (name,surname,0,'FEMALE',city, mail,'2023-03-09 10:47:50',true,42);Insert into hive_member (hive_id, member_id, role) values (1,42,'WorkerBee');insert into Device (description, brand,model,year,id) values (string,string,string,string,42);insert into Member_Device (device_id, member_id) values (42,42);insert into Member (name,surname,age,gender,city,mail,birthday,real_user,id) values (name,surname,0,'FEMALE',city, mail,'2023-03-09 10:47:50',true,43);Insert into hive_member (hive_id, member_id, role) values (1,43,'WorkerBee');insert into Device (description, brand,model,year,id) values (string,string,string,string,43);insert into Member_Device (device_id, member_id) values (43,43);insert into Member (name,surname,age,gender,city,mail,birthday,real_user,id) values (name,surname,0,'FEMALE',city, mail,'2023-03-09 10:47:50',true,44);Insert into hive_member (hive_id, member_id, role) values (1,44,'WorkerBee');insert into Device (description, brand,model,year,id) values (string,string,string,string,44);insert into Member_Device (device_id, member_id) values (44,44);insert into Member (name,surname,age,gender,city,mail,birthday,real_user,id) values (name,surname,0,'FEMALE',city, mail,'2023-03-09 10:47:50',true,45);Insert into hive_member (hive_id, member_id, role) values (1,45,'WorkerBee');insert into Device (description, brand,model,year,id) values (string,string,string,string,45);insert into Member_Device (device_id, member_id) values (45,45);insert into Member (name,surname,age,gender,city,mail,birthday,real_user,id) values (name,surname,0,'FEMALE',city, mail,'2023-03-09 10:47:50',true,46);Insert into hive_member (hive_id, member_id, role) values (1,46,'WorkerBee');insert into Device (description, brand,model,year,id) values (string,string,string,string,46);insert into Member_Device (device_id, member_id) values (46,46);insert into Member (name,surname,age,gender,city,mail,birthday,real_user,id) values (name,surname,0,'FEMALE',city, mail,'2023-03-09 10:47:50',true,47);Insert into hive_member (hive_id, member_id, role) values (1,47,'WorkerBee');insert into Device (description, brand,model,year,id) values (string,string,string,string,47);insert into Member_Device (device_id, member_id) values (47,47);insert into Member (name,surname,age,gender,city,mail,birthday,real_user,id) values (name,surname,0,'FEMALE',city, mail,'2023-03-09 10:47:50',true,48);Insert into hive_member (hive_id, member_id, role) values (1,48,'WorkerBee');insert into Device (description, brand,model,year,id) values (string,string,string,string,48);insert into Member_Device (device_id, member_id) values (48,48);insert into Member (name,surname,age,gender,city,mail,birthday,real_user,id) values (name,surname,0,'FEMALE',city, mail,'2023-03-09 10:47:50',true,49);Insert into hive_member (hive_id, member_id, role) values (1,49,'WorkerBee');insert into Device (description, brand,model,year,id) values (string,string,string,string,49);insert into Member_Device (device_id, member_id) values (49,49);insert into Member (name,surname,age,gender,city,mail,birthday,real_user,id) values (name,surname,0,'FEMALE',city, mail,'2023-03-09 10:47:50',true,50);Insert into hive_member (hive_id, member_id, role) values (1,50,'WorkerBee');insert into Device (description, brand,model,year,id) values (string,string,string,string,50);insert into Member_Device (device_id, member_id) values (50,50);insert into Member (name,surname,age,gender,city,mail,birthday,real_user,id) values (name,surname,0,'FEMALE',city, mail,'2023-03-09 10:47:50',true,51);Insert into hive_member (hive_id, member_id, role) values (1,51,'WorkerBee');insert into Device (description, brand,model,year,id) values (string,string,string,string,51);insert into Member_Device (device_id, member_id) values (51,51);insert into Member (name,surname,age,gender,city,mail,birthday,real_user,id) values (name,surname,0,'FEMALE',city, mail,'2023-03-09 10:47:50',true,52);Insert into hive_member (hive_id, member_id, role) values (1,52,'WorkerBee');insert into Device (description, brand,model,year,id) values (string,string,string,string,52);insert into Member_Device (device_id, member_id) values (52,52);insert into Member (name,surname,age,gender,city,mail,birthday,real_user,id) values (name,surname,0,'FEMALE',city, mail,'2023-03-09 10:47:50',true,53);Insert into hive_member (hive_id, member_id, role) values (1,53,'WorkerBee');insert into Device (description, brand,model,year,id) values (string,string,string,string,53);insert into Member_Device (device_id, member_id) values (53,53);insert into Member (name,surname,age,gender,city,mail,birthday,real_user,id) values (name,surname,0,'FEMALE',city, mail,'2023-03-09 10:47:50',true,54);Insert into hive_member (hive_id, member_id, role) values (1,54,'WorkerBee');insert into Device (description, brand,model,year,id) values (string,string,string,string,54);insert into Member_Device (device_id, member_id) values (54,54);insert into Member (name,surname,age,gender,city,mail,birthday,real_user,id) values (name,surname,0,'FEMALE',city, mail,'2023-03-09 10:47:50',true,55);Insert into hive_member (hive_id, member_id, role) values (1,55,'WorkerBee');insert into Device (description, brand,model,year,id) values (string,string,string,string,55);insert into Member_Device (device_id, member_id) values (55,55);insert into Member (name,surname,age,gender,city,mail,birthday,real_user,id) values (name,surname,0,'FEMALE',city, mail,'2023-03-09 10:47:50',true,56);Insert into hive_member (hive_id, member_id, role) values (1,56,'WorkerBee');insert into Device (description, brand,model,year,id) values (string,string,string,string,56);insert into Member_Device (device_id, member_id) values (56,56);insert into Member (name,surname,age,gender,city,mail,birthday,real_user,id) values (name,surname,0,'FEMALE',city, mail,'2023-03-09 10:47:50',true,57);Insert into hive_member (hive_id, member_id, role) values (1,57,'WorkerBee');insert into Device (description, brand,model,year,id) values (string,string,string,string,57);insert into Member_Device (device_id, member_id) values (57,57);insert into Member (name,surname,age,gender,city,mail,birthday,real_user,id) values (name,surname,0,'FEMALE',city, mail,'2023-03-09 10:47:50',true,58);Insert into hive_member (hive_id, member_id, role) values (1,58,'WorkerBee');insert into Device (description, brand,model,year,id) values (string,string,string,string,58);insert into Member_Device (device_id, member_id) values (58,58);insert into Member (name,surname,age,gender,city,mail,birthday,real_user,id) values (name,surname,0,'FEMALE',city, mail,'2023-03-09 10:47:50',true,59);Insert into hive_member (hive_id, member_id, role) values (1,59,'WorkerBee');insert into Device (description, brand,model,year,id) values (string,string,string,string,59);insert into Member_Device (device_id, member_id) values (59,59);insert into Member (name,surname,age,gender,city,mail,birthday,real_user,id) values (name,surname,0,'FEMALE',city, mail,'2023-03-09 10:47:50',true,60);Insert into hive_member (hive_id, member_id, role) values (1,60,'WorkerBee');insert into Device (description, brand,model,year,id) values (string,string,string,string,60);insert into Member_Device (device_id, member_id) values (60,60);insert into Member (name,surname,age,gender,city,mail,birthday,real_user,id) values (name,surname,0,'FEMALE',city, mail,'2023-03-09 10:47:50',true,61);Insert into hive_member (hive_id, member_id, role) values (1,61,'WorkerBee');insert into Device (description, brand,model,year,id) values (string,string,string,string,61);insert into Member_Device (device_id, member_id) values (61,61);insert into Member (name,surname,age,gender,city,mail,birthday,real_user,id) values (name,surname,0,'FEMALE',city, mail,'2023-03-09 10:47:50',true,62);Insert into hive_member (hive_id, member_id, role) values (1,62,'WorkerBee');insert into Device (description, brand,model,year,id) values (string,string,string,string,62);insert into Member_Device (device_id, member_id) values (62,62);insert into Member (name,surname,age,gender,city,mail,birthday,real_user,id) values (name,surname,0,'FEMALE',city, mail,'2023-03-09 10:47:50',true,63);Insert into hive_member (hive_id, member_id, role) values (1,63,'WorkerBee');insert into Device (description, brand,model,year,id) values (string,string,string,string,63);insert into Member_Device (device_id, member_id) values (63,63);insert into Member (name,surname,age,gender,city,mail,birthday,real_user,id) values (name,surname,0,'FEMALE',city, mail,'2023-03-09 10:47:50',true,64);Insert into hive_member (hive_id, member_id, role) values (1,64,'WorkerBee');insert into Device (description, brand,model,year,id) values (string,string,string,string,64);insert into Member_Device (device_id, member_id) values (64,64);insert into Member (name,surname,age,gender,city,mail,birthday,real_user,id) values (name,surname,0,'FEMALE',city, mail,'2023-03-09 10:47:50',true,65);Insert into hive_member (hive_id, member_id, role) values (1,65,'WorkerBee');insert into Device (description, brand,model,year,id) values (string,string,string,string,65);insert into Member_Device (device_id, member_id) values (65,65);insert into Member (name,surname,age,gender,city,mail,birthday,real_user,id) values (name,surname,0,'FEMALE',city, mail,'2023-03-09 10:47:50',true,66);Insert into hive_member (hive_id, member_id, role) values (1,66,'WorkerBee');insert into Device (description, brand,model,year,id) values (string,string,string,string,66);insert into Member_Device (device_id, member_id) values (66,66);insert into Member (name,surname,age,gender,city,mail,birthday,real_user,id) values (name,surname,0,'FEMALE',city, mail,'2023-03-09 10:47:50',true,67);Insert into hive_member (hive_id, member_id, role) values (1,67,'WorkerBee');insert into Device (description, brand,model,year,id) values (string,string,string,string,67);insert into Member_Device (device_id, member_id) values (67,67);insert into Member (name,surname,age,gender,city,mail,birthday,real_user,id) values (name,surname,0,'FEMALE',city, mail,'2023-03-09 10:47:50',true,68);Insert into hive_member (hive_id, member_id, role) values (1,68,'WorkerBee');insert into Device (description, brand,model,year,id) values (string,string,string,string,68);insert into Member_Device (device_id, member_id) values (68,68);insert into Member (name,surname,age,gender,city,mail,birthday,real_user,id) values (name,surname,0,'FEMALE',city, mail,'2023-03-09 10:47:50',true,69);Insert into hive_member (hive_id, member_id, role) values (1,69,'WorkerBee');insert into Device (description, brand,model,year,id) values (string,string,string,string,69);insert into Member_Device (device_id, member_id) values (69,69);insert into Member (name,surname,age,gender,city,mail,birthday,real_user,id) values (name,surname,0,'FEMALE',city, mail,'2023-03-09 10:47:50',true,70);Insert into hive_member (hive_id, member_id, role) values (1,70,'WorkerBee');insert into Device (description, brand,model,year,id) values (string,string,string,string,70);insert into Member_Device (device_id, member_id) values (70,70);insert into Member (name,surname,age,gender,city,mail,birthday,real_user,id) values (name,surname,0,'FEMALE',city, mail,'2023-03-09 10:47:50',true,71);Insert into hive_member (hive_id, member_id, role) values (1,71,'WorkerBee');insert into Device (description, brand,model,year,id) values (string,string,string,string,71);insert into Member_Device (device_id, member_id) values (71,71);insert into Member (name,surname,age,gender,city,mail,birthday,real_user,id) values (name,surname,0,'FEMALE',city, mail,'2023-03-09 10:47:50',true,72);Insert into hive_member (hive_id, member_id, role) values (1,72,'WorkerBee');insert into Device (description, brand,model,year,id) values (string,string,string,string,72);insert into Member_Device (device_id, member_id) values (72,72);insert into Member (name,surname,age,gender,city,mail,birthday,real_user,id) values (name,surname,0,'FEMALE',city, mail,'2023-03-09 10:47:50',true,73);Insert into hive_member (hive_id, member_id, role) values (1,73,'WorkerBee');insert into Device (description, brand,model,year,id) values (string,string,string,string,73);insert into Member_Device (device_id, member_id) values (73,73);insert into Member (name,surname,age,gender,city,mail,birthday,real_user,id) values (name,surname,0,'FEMALE',city, mail,'2023-03-09 10:47:50',true,74);Insert into hive_member (hive_id, member_id, role) values (1,74,'WorkerBee');insert into Device (description, brand,model,year,id) values (string,string,string,string,74);insert into Member_Device (device_id, member_id) values (74,74);insert into Member (name,surname,age,gender,city,mail,birthday,real_user,id) values (name,surname,0,'FEMALE',city, mail,'2023-03-09 10:47:50',true,75);Insert into hive_member (hive_id, member_id, role) values (1,75,'WorkerBee');insert into Device (description, brand,model,year,id) values (string,string,string,string,75);insert into Member_Device (device_id, member_id) values (75,75);insert into Member (name,surname,age,gender,city,mail,birthday,real_user,id) values (name,surname,0,'FEMALE',city, mail,'2023-03-09 10:47:50',true,76);Insert into hive_member (hive_id, member_id, role) values (1,76,'WorkerBee');insert into Device (description, brand,model,year,id) values (string,string,string,string,76);insert into Member_Device (device_id, member_id) values (76,76);insert into Member (name,surname,age,gender,city,mail,birthday,real_user,id) values (name,surname,0,'FEMALE',city, mail,'2023-03-09 10:47:50',true,77);Insert into hive_member (hive_id, member_id, role) values (1,77,'WorkerBee');insert into Device (description, brand,model,year,id) values (string,string,string,string,77);insert into Member_Device (device_id, member_id) values (77,77);insert into Member (name,surname,age,gender,city,mail,birthday,real_user,id) values (name,surname,0,'FEMALE',city, mail,'2023-03-09 10:47:50',true,78);Insert into hive_member (hive_id, member_id, role) values (1,78,'WorkerBee');insert into Device (description, brand,model,year,id) values (string,string,string,string,78);insert into Member_Device (device_id, member_id) values (78,78);insert into Member (name,surname,age,gender,city,mail,birthday,real_user,id) values (name,surname,0,'FEMALE',city, mail,'2023-03-09 10:47:50',true,79);Insert into hive_member (hive_id, member_id, role) values (1,79,'WorkerBee');insert into Device (description, brand,model,year,id) values (string,string,string,string,79);insert into Member_Device (device_id, member_id) values (79,79);insert into Member (name,surname,age,gender,city,mail,birthday,real_user,id) values (name,surname,0,'FEMALE',city, mail,'2023-03-09 10:47:50',true,80);Insert into hive_member (hive_id, member_id, role) values (1,80,'WorkerBee');insert into Device (description, brand,model,year,id) values (string,string,string,string,80);insert into Member_Device (device_id, member_id) values (80,80);insert into Member (name,surname,age,gender,city,mail,birthday,real_user,id) values (name,surname,0,'FEMALE',city, mail,'2023-03-09 10:47:50',true,81);Insert into hive_member (hive_id, member_id, role) values (1,81,'WorkerBee');insert into Device (description, brand,model,year,id) values (string,string,string,string,81);insert into Member_Device (device_id, member_id) values (81,81);insert into Member (name,surname,age,gender,city,mail,birthday,real_user,id) values (name,surname,0,'FEMALE',city, mail,'2023-03-09 10:47:50',true,82);Insert into hive_member (hive_id, member_id, role) values (1,82,'WorkerBee');insert into Device (description, brand,model,year,id) values (string,string,string,string,82);insert into Member_Device (device_id, member_id) values (82,82);insert into Member (name,surname,age,gender,city,mail,birthday,real_user,id) values (name,surname,0,'FEMALE',city, mail,'2023-03-09 10:47:50',true,83);Insert into hive_member (hive_id, member_id, role) values (1,83,'WorkerBee');insert into Device (description, brand,model,year,id) values (string,string,string,string,83);insert into Member_Device (device_id, member_id) values (83,83);insert into Member (name,surname,age,gender,city,mail,birthday,real_user,id) values (name,surname,0,'FEMALE',city, mail,'2023-03-09 10:47:50',true,84);Insert into hive_member (hive_id, member_id, role) values (1,84,'WorkerBee');insert into Device (description, brand,model,year,id) values (string,string,string,string,84);insert into Member_Device (device_id, member_id) values (84,84);insert into Member (name,surname,age,gender,city,mail,birthday,real_user,id) values (name,surname,0,'FEMALE',city, mail,'2023-03-09 10:47:50',true,85);Insert into hive_member (hive_id, member_id, role) values (1,85,'WorkerBee');insert into Device (description, brand,model,year,id) values (string,string,string,string,85);insert into Member_Device (device_id, member_id) values (85,85);insert into Member (name,surname,age,gender,city,mail,birthday,real_user,id) values (name,surname,0,'FEMALE',city, mail,'2023-03-09 10:47:50',true,86);Insert into hive_member (hive_id, member_id, role) values (1,86,'WorkerBee');insert into Device (description, brand,model,year,id) values (string,string,string,string,86);insert into Member_Device (device_id, member_id) values (86,86);insert into Member (name,surname,age,gender,city,mail,birthday,real_user,id) values (name,surname,0,'FEMALE',city, mail,'2023-03-09 10:47:50',true,87);Insert into hive_member (hive_id, member_id, role) values (1,87,'WorkerBee');insert into Device (description, brand,model,year,id) values (string,string,string,string,87);insert into Member_Device (device_id, member_id) values (87,87);insert into Member (name,surname,age,gender,city,mail,birthday,real_user,id) values (name,surname,0,'FEMALE',city, mail,'2023-03-09 10:47:50',true,88);Insert into hive_member (hive_id, member_id, role) values (1,88,'WorkerBee');insert into Device (description, brand,model,year,id) values (string,string,string,string,88);insert into Member_Device (device_id, member_id) values (88,88);insert into Member (name,surname,age,gender,city,mail,birthday,real_user,id) values (name,surname,0,'FEMALE',city, mail,'2023-03-09 10:47:50',true,89);Insert into hive_member (hive_id, member_id, role) values (1,89,'WorkerBee');insert into Device (description, brand,model,year,id) values (string,string,string,string,89);insert into Member_Device (device_id, member_id) values (89,89);insert into Member (name,surname,age,gender,city,mail,birthday,real_user,id) values (name,surname,0,'FEMALE',city, mail,'2023-03-09 10:47:50',true,90);Insert into hive_member (hive_id, member_id, role) values (1,90,'WorkerBee');insert into Device (description, brand,model,year,id) values (string,string,string,string,90);insert into Member_Device (device_id, member_id) values (90,90);insert into Member (name,surname,age,gender,city,mail,birthday,real_user,id) values (name,surname,0,'FEMALE',city, mail,'2023-03-09 10:47:50',true,91);Insert into hive_member (hive_id, member_id, role) values (1,91,'WorkerBee');insert into Device (description, brand,model,year,id) values (string,string,string,string,91);insert into Member_Device (device_id, member_id) values (91,91);insert into Member (name,surname,age,gender,city,mail,birthday,real_user,id) values (name,surname,0,'FEMALE',city, mail,'2023-03-09 10:47:50',true,92);Insert into hive_member (hive_id, member_id, role) values (1,92,'WorkerBee');insert into Device (description, brand,model,year,id) values (string,string,string,string,92);insert into Member_Device (device_id, member_id) values (92,92);insert into Member (name,surname,age,gender,city,mail,birthday,real_user,id) values (name,surname,0,'FEMALE',city, mail,'2023-03-09 10:47:50',true,93);Insert into hive_member (hive_id, member_id, role) values (1,93,'WorkerBee');insert into Device (description, brand,model,year,id) values (string,string,string,string,93);insert into Member_Device (device_id, member_id) values (93,93);insert into Member (name,surname,age,gender,city,mail,birthday,real_user,id) values (name,surname,0,'FEMALE',city, mail,'2023-03-09 10:47:50',true,94);Insert into hive_member (hive_id, member_id, role) values (1,94,'WorkerBee');insert into Device (description, brand,model,year,id) values (string,string,string,string,94);insert into Member_Device (device_id, member_id) values (94,94);insert into Member (name,surname,age,gender,city,mail,birthday,real_user,id) values (name,surname,0,'FEMALE',city, mail,'2023-03-09 10:47:50',true,95);Insert into hive_member (hive_id, member_id, role) values (1,95,'WorkerBee');insert into Device (description, brand,model,year,id) values (string,string,string,string,95);insert into Member_Device (device_id, member_id) values (95,95);insert into Member (name,surname,age,gender,city,mail,birthday,real_user,id) values (name,surname,0,'FEMALE',city, mail,'2023-03-09 10:47:50',true,96);Insert into hive_member (hive_id, member_id, role) values (1,96,'WorkerBee');insert into Device (description, brand,model,year,id) values (string,string,string,string,96);insert into Member_Device (device_id, member_id) values (96,96);insert into Member (name,surname,age,gender,city,mail,birthday,real_user,id) values (name,surname,0,'FEMALE',city, mail,'2023-03-09 10:47:50',true,97);Insert into hive_member (hive_id, member_id, role) values (1,97,'WorkerBee');insert into Device (description, brand,model,year,id) values (string,string,string,string,97);insert into Member_Device (device_id, member_id) values (97,97);insert into Member (name,surname,age,gender,city,mail,birthday,real_user,id) values (name,surname,0,'FEMALE',city, mail,'2023-03-09 10:47:50',true,98);Insert into hive_member (hive_id, member_id, role) values (1,98,'WorkerBee');insert into Device (description, brand,model,year,id) values (string,string,string,string,98);insert into Member_Device (device_id, member_id) values (98,98);insert into Member (name,surname,age,gender,city,mail,birthday,real_user,id) values (name,surname,0,'FEMALE',city, mail,'2023-03-09 10:47:50',true,99);Insert into hive_member (hive_id, member_id, role) values (1,99,'WorkerBee');insert into Device (description, brand,model,year,id) values (string,string,string,string,99);insert into Member_Device (device_id, member_id) values (99,99);insert into Member (name,surname,age,gender,city,mail,birthday,real_user,id) values (name,surname,0,'FEMALE',city, mail,'2023-03-09 10:47:50',true,100);Insert into hive_member (hive_id, member_id, role) values (1,100,'WorkerBee');insert into Device (description, brand,model,year,id) values (string,string,string,string,100);insert into Member_Device (device_id, member_id) values (100,100);insert into Member (name,surname,age,gender,city,mail,birthday,real_user,id) values (name,surname,0,'FEMALE',city, mail,'2023-03-09 10:47:50',true,101);Insert into hive_member (hive_id, member_id, role) values (1,101,'WorkerBee');insert into Device (description, brand,model,year,id) values (string,string,string,string,101);insert into Member_Device (device_id, member_id) values (101,101);insert into Member (name,surname,age,gender,city,mail,birthday,real_user,id) values (name,surname,0,'FEMALE',city, mail,'2023-03-09 10:47:50',true,102);Insert into hive_member (hive_id, member_id, role) values (1,102,'WorkerBee');insert into Device (description, brand,model,year,id) values (string,string,string,string,102);insert into Member_Device (device_id, member_id) values (102,102);insert into Member (name,surname,age,gender,city,mail,birthday,real_user,id) values (name,surname,0,'FEMALE',city, mail,'2023-03-09 10:47:50',true,103);Insert into hive_member (hive_id, member_id, role) values (1,103,'WorkerBee');insert into Device (description, brand,model,year,id) values (string,string,string,string,103);insert into Member_Device (device_id, member_id) values (103,103);insert into Member (name,surname,age,gender,city,mail,birthday,real_user,id) values (name,surname,0,'FEMALE',city, mail,'2023-03-09 10:47:50',true,104);Insert into hive_member (hive_id, member_id, role) values (1,104,'WorkerBee');insert into Device (description, brand,model,year,id) values (string,string,string,string,104);insert into Member_Device (device_id, member_id) values (104,104);insert into Member (name,surname,age,gender,city,mail,birthday,real_user,id) values (name,surname,0,'FEMALE',city, mail,'2023-03-09 10:47:50',true,105);Insert into hive_member (hive_id, member_id, role) values (1,105,'WorkerBee');insert into Device (description, brand,model,year,id) values (string,string,string,string,105);insert into Member_Device (device_id, member_id) values (105,105);insert into Member (name,surname,age,gender,city,mail,birthday,real_user,id) values (name,surname,0,'FEMALE',city, mail,'2023-03-09 10:47:50',true,106);Insert into hive_member (hive_id, member_id, role) values (1,106,'WorkerBee');insert into Device (description, brand,model,year,id) values (string,string,string,string,106);insert into Member_Device (device_id, member_id) values (106,106);insert into Member (name,surname,age,gender,city,mail,birthday,real_user,id) values (name,surname,0,'FEMALE',city, mail,'2023-03-09 10:47:50',true,107);Insert into hive_member (hive_id, member_id, role) values (1,107,'WorkerBee');insert into Device (description, brand,model,year,id) values (string,string,string,string,107);insert into Member_Device (device_id, member_id) values (107,107);insert into Member (name,surname,age,gender,city,mail,birthday,real_user,id) values (name,surname,0,'FEMALE',city, mail,'2023-03-09 10:47:50',true,108);Insert into hive_member (hive_id, member_id, role) values (1,108,'WorkerBee');insert into Device (description, brand,model,year,id) values (string,string,string,string,108);insert into Member_Device (device_id, member_id) values (108,108);insert into Member (name,surname,age,gender,city,mail,birthday,real_user,id) values (name,surname,0,'FEMALE',city, mail,'2023-03-09 10:47:50',true,109);Insert into hive_member (hive_id, member_id, role) values (1,109,'WorkerBee');insert into Device (description, brand,model,year,id) values (string,string,string,string,109);insert into Member_Device (device_id, member_id) values (109,109);insert into Member (name,surname,age,gender,city,mail,birthday,real_user,id) values (name,surname,0,'FEMALE',city, mail,'2023-03-09 10:47:50',true,110);Insert into hive_member (hive_id, member_id, role) values (1,110,'WorkerBee');insert into Device (description, brand,model,year,id) values (string,string,string,string,110);insert into Member_Device (device_id, member_id) values (110,110);insert into Member (name,surname,age,gender,city,mail,birthday,real_user,id) values (name,surname,0,'FEMALE',city, mail,'2023-03-09 10:47:50',true,111);Insert into hive_member (hive_id, member_id, role) values (1,111,'WorkerBee');insert into Device (description, brand,model,year,id) values (string,string,string,string,111);insert into Member_Device (device_id, member_id) values (111,111);insert into Member (name,surname,age,gender,city,mail,birthday,real_user,id) values (name,surname,0,'FEMALE',city, mail,'2023-03-09 10:47:50',true,112);Insert into hive_member (hive_id, member_id, role) values (1,112,'WorkerBee');insert into Device (description, brand,model,year,id) values (string,string,string,string,112);insert into Member_Device (device_id, member_id) values (112,112);insert into Member (name,surname,age,gender,city,mail,birthday,real_user,id) values (name,surname,0,'FEMALE',city, mail,'2023-03-09 10:47:50',true,113);Insert into hive_member (hive_id, member_id, role) values (1,113,'WorkerBee');insert into Device (description, brand,model,year,id) values (string,string,string,string,113);insert into Member_Device (device_id, member_id) values (113,113);insert into Member (name,surname,age,gender,city,mail,birthday,real_user,id) values (name,surname,0,'FEMALE',city, mail,'2023-03-09 10:47:50',true,114);Insert into hive_member (hive_id, member_id, role) values (1,114,'WorkerBee');insert into Device (description, brand,model,year,id) values (string,string,string,string,114);insert into Member_Device (device_id, member_id) values (114,114);insert into Member (name,surname,age,gender,city,mail,birthday,real_user,id) values (name,surname,0,'FEMALE',city, mail,'2023-03-09 10:47:50',true,115);Insert into hive_member (hive_id, member_id, role) values (1,115,'WorkerBee');insert into Device (description, brand,model,year,id) values (string,string,string,string,115);insert into Member_Device (device_id, member_id) values (115,115);insert into Member (name,surname,age,gender,city,mail,birthday,real_user,id) values (name,surname,0,'FEMALE',city, mail,'2023-03-09 10:47:50',true,116);Insert into hive_member (hive_id, member_id, role) values (1,116,'WorkerBee');insert into Device (description, brand,model,year,id) values (string,string,string,string,116);insert into Member_Device (device_id, member_id) values (116,116);insert into Member (name,surname,age,gender,city,mail,birthday,real_user,id) values (name,surname,0,'FEMALE',city, mail,'2023-03-09 10:47:50',true,117);Insert into hive_member (hive_id, member_id, role) values (1,117,'WorkerBee');insert into Device (description, brand,model,year,id) values (string,string,string,string,117);insert into Member_Device (device_id, member_id) values (117,117);insert into Member (name,surname,age,gender,city,mail,birthday,real_user,id) values (name,surname,0,'FEMALE',city, mail,'2023-03-09 10:47:50',true,118);Insert into hive_member (hive_id, member_id, role) values (1,118,'WorkerBee');insert into Device (description, brand,model,year,id) values (string,string,string,string,118);insert into Member_Device (device_id, member_id) values (118,118);insert into Member (name,surname,age,gender,city,mail,birthday,real_user,id) values (name,surname,0,'FEMALE',city, mail,'2023-03-09 10:47:50',true,119);Insert into hive_member (hive_id, member_id, role) values (1,119,'WorkerBee');insert into Device (description, brand,model,year,id) values (string,string,string,string,119);insert into Member_Device (device_id, member_id) values (119,119);insert into Member (name,surname,age,gender,city,mail,birthday,real_user,id) values (name,surname,0,'FEMALE',city, mail,'2023-03-09 10:47:50',true,120);Insert into hive_member (hive_id, member_id, role) values (1,120,'WorkerBee');insert into Device (description, brand,model,year,id) values (string,string,string,string,120);insert into Member_Device (device_id, member_id) values (120,120);insert into Member (name,surname,age,gender,city,mail,birthday,real_user,id) values (name,surname,0,'FEMALE',city, mail,'2023-03-09 10:47:50',true,121);Insert into hive_member (hive_id, member_id, role) values (1,121,'WorkerBee');insert into Device (description, brand,model,year,id) values (string,string,string,string,121);insert into Member_Device (device_id, member_id) values (121,121);insert into Member (name,surname,age,gender,city,mail,birthday,real_user,id) values (name,surname,0,'FEMALE',city, mail,'2023-03-09 10:47:50',true,122);Insert into hive_member (hive_id, member_id, role) values (1,122,'WorkerBee');insert into Device (description, brand,model,year,id) values (string,string,string,string,122);insert into Member_Device (device_id, member_id) values (122,122);insert into Member (name,surname,age,gender,city,mail,birthday,real_user,id) values (name,surname,0,'FEMALE',city, mail,'2023-03-09 10:47:50',true,123);Insert into hive_member (hive_id, member_id, role) values (1,123,'WorkerBee');insert into Device (description, brand,model,year,id) values (string,string,string,string,123);insert into Member_Device (device_id, member_id) values (123,123);insert into Member (name,surname,age,gender,city,mail,birthday,real_user,id) values (name,surname,0,'FEMALE',city, mail,'2023-03-09 10:47:50',true,124);Insert into hive_member (hive_id, member_id, role) values (1,124,'WorkerBee');insert into Device (description, brand,model,year,id) values (string,string,string,string,124);insert into Member_Device (device_id, member_id) values (124,124);insert into Member (name,surname,age,gender,city,mail,birthday,real_user,id) values (name,surname,0,'FEMALE',city, mail,'2023-03-09 10:47:50',true,125);Insert into hive_member (hive_id, member_id, role) values (1,125,'WorkerBee');insert into Device (description, brand,model,year,id) values (string,string,string,string,125);insert into Member_Device (device_id, member_id) values (125,125);insert into Member (name,surname,age,gender,city,mail,birthday,real_user,id) values (name,surname,0,'FEMALE',city, mail,'2023-03-09 10:47:50',true,126);Insert into hive_member (hive_id, member_id, role) values (1,126,'WorkerBee');insert into Device (description, brand,model,year,id) values (string,string,string,string,126);insert into Member_Device (device_id, member_id) values (126,126);insert into Member (name,surname,age,gender,city,mail,birthday,real_user,id) values (name,surname,0,'FEMALE',city, mail,'2023-03-09 10:47:50',true,127);Insert into hive_member (hive_id, member_id, role) values (1,127,'WorkerBee');insert into Device (description, brand,model,year,id) values (string,string,string,string,127);insert into Member_Device (device_id, member_id) values (127,127);insert into Member (name,surname,age,gender,city,mail,birthday,real_user,id) values (name,surname,0,'FEMALE',city, mail,'2023-03-09 10:47:50',true,128);Insert into hive_member (hive_id, member_id, role) values (1,128,'WorkerBee');insert into Device (description, brand,model,year,id) values (string,string,string,string,128);insert into Member_Device (device_id, member_id) values (128,128);insert into Member (name,surname,age,gender,city,mail,birthday,real_user,id) values (name,surname,0,'FEMALE',city, mail,'2023-03-09 10:47:50',true,129);Insert into hive_member (hive_id, member_id, role) values (1,129,'WorkerBee');insert into Device (description, brand,model,year,id) values (string,string,string,string,129);insert into Member_Device (device_id, member_id) values (129,129);insert into Member (name,surname,age,gender,city,mail,birthday,real_user,id) values (name,surname,0,'FEMALE',city, mail,'2023-03-09 10:47:50',true,130);Insert into hive_member (hive_id, member_id, role) values (1,130,'WorkerBee');insert into Device (description, brand,model,year,id) values (string,string,string,string,130);insert into Member_Device (device_id, member_id) values (130,130);insert into Member (name,surname,age,gender,city,mail,birthday,real_user,id) values (name,surname,0,'FEMALE',city, mail,'2023-03-09 10:47:50',true,131);Insert into hive_member (hive_id, member_id, role) values (1,131,'WorkerBee');insert into Device (description, brand,model,year,id) values (string,string,string,string,131);insert into Member_Device (device_id, member_id) values (131,131);insert into Member (name,surname,age,gender,city,mail,birthday,real_user,id) values (name,surname,0,'FEMALE',city, mail,'2023-03-09 10:47:50',true,132);Insert into hive_member (hive_id, member_id, role) values (1,132,'WorkerBee');insert into Device (description, brand,model,year,id) values (string,string,string,string,132);insert into Member_Device (device_id, member_id) values (132,132);insert into Member (name,surname,age,gender,city,mail,birthday,real_user,id) values (name,surname,0,'FEMALE',city, mail,'2023-03-09 10:47:50',true,133);Insert into hive_member (hive_id, member_id, role) values (1,133,'WorkerBee');insert into Device (description, brand,model,year,id) values (string,string,string,string,133);insert into Member_Device (device_id, member_id) values (133,133);insert into Member (name,surname,age,gender,city,mail,birthday,real_user,id) values (name,surname,0,'FEMALE',city, mail,'2023-03-09 10:47:50',true,134);Insert into hive_member (hive_id, member_id, role) values (1,134,'WorkerBee');insert into Device (description, brand,model,year,id) values (string,string,string,string,134);insert into Member_Device (device_id, member_id) values (134,134);insert into Member (name,surname,age,gender,city,mail,birthday,real_user,id) values (name,surname,0,'FEMALE',city, mail,'2023-03-09 10:47:50',true,135);Insert into hive_member (hive_id, member_id, role) values (1,135,'WorkerBee');insert into Device (description, brand,model,year,id) values (string,string,string,string,135);insert into Member_Device (device_id, member_id) values (135,135);insert into Member (name,surname,age,gender,city,mail,birthday,real_user,id) values (name,surname,0,'FEMALE',city, mail,'2023-03-09 10:47:50',true,136);Insert into hive_member (hive_id, member_id, role) values (1,136,'WorkerBee');insert into Device (description, brand,model,year,id) values (string,string,string,string,136);insert into Member_Device (device_id, member_id) values (136,136);insert into Member (name,surname,age,gender,city,mail,birthday,real_user,id) values (name,surname,0,'FEMALE',city, mail,'2023-03-09 10:47:50',true,137);Insert into hive_member (hive_id, member_id, role) values (1,137,'WorkerBee');insert into Device (description, brand,model,year,id) values (string,string,string,string,137);insert into Member_Device (device_id, member_id) values (137,137);insert into Member (name,surname,age,gender,city,mail,birthday,real_user,id) values (name,surname,0,'FEMALE',city, mail,'2023-03-09 10:47:50',true,138);Insert into hive_member (hive_id, member_id, role) values (1,138,'WorkerBee');insert into Device (description, brand,model,year,id) values (string,string,string,string,138);insert into Member_Device (device_id, member_id) values (138,138);insert into Member (name,surname,age,gender,city,mail,birthday,real_user,id) values (name,surname,0,'FEMALE',city, mail,'2023-03-09 10:47:50',true,139);Insert into hive_member (hive_id, member_id, role) values (1,139,'WorkerBee');insert into Device (description, brand,model,year,id) values (string,string,string,string,139);insert into Member_Device (device_id, member_id) values (139,139);insert into Member (name,surname,age,gender,city,mail,birthday,real_user,id) values (name,surname,0,'FEMALE',city, mail,'2023-03-09 10:47:50',true,140);Insert into hive_member (hive_id, member_id, role) values (1,140,'WorkerBee');insert into Device (description, brand,model,year,id) values (string,string,string,string,140);insert into Member_Device (device_id, member_id) values (140,140);insert into Member (name,surname,age,gender,city,mail,birthday,real_user,id) values (name,surname,0,'FEMALE',city, mail,'2023-03-09 10:47:50',true,141);Insert into hive_member (hive_id, member_id, role) values (1,141,'WorkerBee');insert into Device (description, brand,model,year,id) values (string,string,string,string,141);insert into Member_Device (device_id, member_id) values (141,141);insert into Member (name,surname,age,gender,city,mail,birthday,real_user,id) values (name,surname,0,'FEMALE',city, mail,'2023-03-09 10:47:50',true,142);Insert into hive_member (hive_id, member_id, role) values (1,142,'WorkerBee');insert into Device (description, brand,model,year,id) values (string,string,string,string,142);insert into Member_Device (device_id, member_id) values (142,142);insert into Member (name,surname,age,gender,city,mail,birthday,real_user,id) values (name,surname,0,'FEMALE',city, mail,'2023-03-09 10:47:50',true,143);Insert into hive_member (hive_id, member_id, role) values (1,143,'WorkerBee');insert into Device (description, brand,model,year,id) values (string,string,string,string,143);insert into Member_Device (device_id, member_id) values (143,143);insert into Member (name,surname,age,gender,city,mail,birthday,real_user,id) values (name,surname,0,'FEMALE',city, mail,'2023-03-09 10:47:50',true,144);Insert into hive_member (hive_id, member_id, role) values (1,144,'WorkerBee');insert into Device (description, brand,model,year,id) values (string,string,string,string,144);insert into Member_Device (device_id, member_id) values (144,144);insert into Member (name,surname,age,gender,city,mail,birthday,real_user,id) values (name,surname,0,'FEMALE',city, mail,'2023-03-09 10:47:50',true,145);Insert into hive_member (hive_id, member_id, role) values (1,145,'WorkerBee');insert into Device (description, brand,model,year,id) values (string,string,string,string,145);insert into Member_Device (device_id, member_id) values (145,145);insert into Member (name,surname,age,gender,city,mail,birthday,real_user,id) values (name,surname,0,'FEMALE',city, mail,'2023-03-09 10:47:50',true,146);Insert into hive_member (hive_id, member_id, role) values (1,146,'WorkerBee');insert into Device (description, brand,model,year,id) values (string,string,string,string,146);insert into Member_Device (device_id, member_id) values (146,146);insert into Member (name,surname,age,gender,city,mail,birthday,real_user,id) values (name,surname,0,'FEMALE',city, mail,'2023-03-09 10:47:50',true,147);Insert into hive_member (hive_id, member_id, role) values (1,147,'WorkerBee');insert into Device (description, brand,model,year,id) values (string,string,string,string,147);insert into Member_Device (device_id, member_id) values (147,147);insert into Member (name,surname,age,gender,city,mail,birthday,real_user,id) values (name,surname,0,'FEMALE',city, mail,'2023-03-09 10:47:50',true,148);Insert into hive_member (hive_id, member_id, role) values (1,148,'WorkerBee');insert into Device (description, brand,model,year,id) values (string,string,string,string,148);insert into Member_Device (device_id, member_id) values (148,148);insert into Member (name,surname,age,gender,city,mail,birthday,real_user,id) values (name,surname,0,'FEMALE',city, mail,'2023-03-09 10:47:50',true,149);Insert into hive_member (hive_id, member_id, role) values (1,149,'WorkerBee');insert into Device (description, brand,model,year,id) values (string,string,string,string,149);insert into Member_Device (device_id, member_id) values (149,149);insert into Member (name,surname,age,gender,city,mail,birthday,real_user,id) values (name,surname,0,'FEMALE',city, mail,'2023-03-09 10:47:50',true,150);Insert into hive_member (hive_id, member_id, role) values (1,150,'WorkerBee');insert into Device (description, brand,model,year,id) values (string,string,string,string,150);insert into Member_Device (device_id, member_id) values (150,150);insert into Member (name,surname,age,gender,city,mail,birthday,real_user,id) values (name,surname,0,'FEMALE',city, mail,'2023-03-09 10:47:50',true,151);Insert into hive_member (hive_id, member_id, role) values (1,151,'WorkerBee');insert into Device (description, brand,model,year,id) values (string,string,string,string,151);insert into Member_Device (device_id, member_id) values (151,151);insert into Member (name,surname,age,gender,city,mail,birthday,real_user,id) values (name,surname,0,'FEMALE',city, mail,'2023-03-09 10:47:50',true,152);Insert into hive_member (hive_id, member_id, role) values (1,152,'WorkerBee');insert into Device (description, brand,model,year,id) values (string,string,string,string,152);insert into Member_Device (device_id, member_id) values (152,152);insert into Member (name,surname,age,gender,city,mail,birthday,real_user,id) values (name,surname,0,'FEMALE',city, mail,'2023-03-09 10:47:50',true,153);Insert into hive_member (hive_id, member_id, role) values (1,153,'WorkerBee');insert into Device (description, brand,model,year,id) values (string,string,string,string,153);insert into Member_Device (device_id, member_id) values (153,153);insert into Member (name,surname,age,gender,city,mail,birthday,real_user,id) values (name,surname,0,'FEMALE',city, mail,'2023-03-09 10:47:50',true,154);Insert into hive_member (hive_id, member_id, role) values (1,154,'WorkerBee');insert into Device (description, brand,model,year,id) values (string,string,string,string,154);insert into Member_Device (device_id, member_id) values (154,154);insert into Member (name,surname,age,gender,city,mail,birthday,real_user,id) values (name,surname,0,'FEMALE',city, mail,'2023-03-09 10:47:50',true,155);Insert into hive_member (hive_id, member_id, role) values (1,155,'WorkerBee');insert into Device (description, brand,model,year,id) values (string,string,string,string,155);insert into Member_Device (device_id, member_id) values (155,155);insert into Member (name,surname,age,gender,city,mail,birthday,real_user,id) values (name,surname,0,'FEMALE',city, mail,'2023-03-09 10:47:50',true,156);Insert into hive_member (hive_id, member_id, role) values (1,156,'WorkerBee');insert into Device (description, brand,model,year,id) values (string,string,string,string,156);insert into Member_Device (device_id, member_id) values (156,156);insert into Member (name,surname,age,gender,city,mail,birthday,real_user,id) values (name,surname,0,'FEMALE',city, mail,'2023-03-09 10:47:50',true,157);Insert into hive_member (hive_id, member_id, role) values (1,157,'WorkerBee');insert into Device (description, brand,model,year,id) values (string,string,string,string,157);insert into Member_Device (device_id, member_id) values (157,157);insert into Member (name,surname,age,gender,city,mail,birthday,real_user,id) values (name,surname,0,'FEMALE',city, mail,'2023-03-09 10:47:50',true,158);Insert into hive_member (hive_id, member_id, role) values (1,158,'WorkerBee');insert into Device (description, brand,model,year,id) values (string,string,string,string,158);insert into Member_Device (device_id, member_id) values (158,158);insert into Member (name,surname,age,gender,city,mail,birthday,real_user,id) values (name,surname,0,'FEMALE',city, mail,'2023-03-09 10:47:50',true,159);Insert into hive_member (hive_id, member_id, role) values (1,159,'WorkerBee');insert into Device (description, brand,model,year,id) values (string,string,string,string,159);insert into Member_Device (device_id, member_id) values (159,159);insert into Member (name,surname,age,gender,city,mail,birthday,real_user,id) values (name,surname,0,'FEMALE',city, mail,'2023-03-09 10:47:50',true,160);Insert into hive_member (hive_id, member_id, role) values (1,160,'WorkerBee');insert into Device (description, brand,model,year,id) values (string,string,string,string,160);insert into Member_Device (device_id, member_id) values (160,160);insert into Member (name,surname,age,gender,city,mail,birthday,real_user,id) values (name,surname,0,'FEMALE',city, mail,'2023-03-09 10:47:50',true,161);Insert into hive_member (hive_id, member_id, role) values (1,161,'WorkerBee');insert into Device (description, brand,model,year,id) values (string,string,string,string,161);insert into Member_Device (device_id, member_id) values (161,161);insert into Member (name,surname,age,gender,city,mail,birthday,real_user,id) values (name,surname,0,'FEMALE',city, mail,'2023-03-09 10:47:50',true,162);Insert into hive_member (hive_id, member_id, role) values (1,162,'WorkerBee');insert into Device (description, brand,model,year,id) values (string,string,string,string,162);insert into Member_Device (device_id, member_id) values (162,162);insert into Member (name,surname,age,gender,city,mail,birthday,real_user,id) values (name,surname,0,'FEMALE',city, mail,'2023-03-09 10:47:50',true,163);Insert into hive_member (hive_id, member_id, role) values (1,163,'WorkerBee');insert into Device (description, brand,model,year,id) values (string,string,string,string,163);insert into Member_Device (device_id, member_id) values (163,163);insert into Member (name,surname,age,gender,city,mail,birthday,real_user,id) values (name,surname,0,'FEMALE',city, mail,'2023-03-09 10:47:50',true,164);Insert into hive_member (hive_id, member_id, role) values (1,164,'WorkerBee');insert into Device (description, brand,model,year,id) values (string,string,string,string,164);insert into Member_Device (device_id, member_id) values (164,164);insert into Member (name,surname,age,gender,city,mail,birthday,real_user,id) values (name,surname,0,'FEMALE',city, mail,'2023-03-09 10:47:50',true,165);Insert into hive_member (hive_id, member_id, role) values (1,165,'WorkerBee');insert into Device (description, brand,model,year,id) values (string,string,string,string,165);insert into Member_Device (device_id, member_id) values (165,165);insert into Member (name,surname,age,gender,city,mail,birthday,real_user,id) values (name,surname,0,'FEMALE',city, mail,'2023-03-09 10:47:50',true,166);Insert into hive_member (hive_id, member_id, role) values (1,166,'WorkerBee');insert into Device (description, brand,model,year,id) values (string,string,string,string,166);insert into Member_Device (device_id, member_id) values (166,166);insert into Member (name,surname,age,gender,city,mail,birthday,real_user,id) values (name,surname,0,'FEMALE',city, mail,'2023-03-09 10:47:50',true,167);Insert into hive_member (hive_id, member_id, role) values (1,167,'WorkerBee');insert into Device (description, brand,model,year,id) values (string,string,string,string,167);insert into Member_Device (device_id, member_id) values (167,167);insert into Member (name,surname,age,gender,city,mail,birthday,real_user,id) values (name,surname,0,'FEMALE',city, mail,'2023-03-09 10:47:50',true,168);Insert into hive_member (hive_id, member_id, role) values (1,168,'WorkerBee');insert into Device (description, brand,model,year,id) values (string,string,string,string,168);insert into Member_Device (device_id, member_id) values (168,168);insert into Member (name,surname,age,gender,city,mail,birthday,real_user,id) values (name,surname,0,'FEMALE',city, mail,'2023-03-09 10:47:50',true,169);Insert into hive_member (hive_id, member_id, role) values (1,169,'WorkerBee');insert into Device (description, brand,model,year,id) values (string,string,string,string,169);insert into Member_Device (device_id, member_id) values (169,169);insert into Member (name,surname,age,gender,city,mail,birthday,real_user,id) values (name,surname,0,'FEMALE',city, mail,'2023-03-09 10:47:50',true,170);Insert into hive_member (hive_id, member_id, role) values (1,170,'WorkerBee');insert into Device (description, brand,model,year,id) values (string,string,string,string,170);insert into Member_Device (device_id, member_id) values (170,170);insert into Member (name,surname,age,gender,city,mail,birthday,real_user,id) values (name,surname,0,'FEMALE',city, mail,'2023-03-09 10:47:50',true,171);Insert into hive_member (hive_id, member_id, role) values (1,171,'WorkerBee');insert into Device (description, brand,model,year,id) values (string,string,string,string,171);insert into Member_Device (device_id, member_id) values (171,171);insert into Member (name,surname,age,gender,city,mail,birthday,real_user,id) values (name,surname,0,'FEMALE',city, mail,'2023-03-09 10:47:50',true,172);Insert into hive_member (hive_id, member_id, role) values (1,172,'WorkerBee');insert into Device (description, brand,model,year,id) values (string,string,string,string,172);insert into Member_Device (device_id, member_id) values (172,172);insert into Member (name,surname,age,gender,city,mail,birthday,real_user,id) values (name,surname,0,'FEMALE',city, mail,'2023-03-09 10:47:50',true,173);Insert into hive_member (hive_id, member_id, role) values (1,173,'WorkerBee');insert into Device (description, brand,model,year,id) values (string,string,string,string,173);insert into Member_Device (device_id, member_id) values (173,173);insert into Member (name,surname,age,gender,city,mail,birthday,real_user,id) values (name,surname,0,'FEMALE',city, mail,'2023-03-09 10:47:50',true,174);Insert into hive_member (hive_id, member_id, role) values (1,174,'WorkerBee');insert into Device (description, brand,model,year,id) values (string,string,string,string,174);insert into Member_Device (device_id, member_id) values (174,174);insert into Member (name,surname,age,gender,city,mail,birthday,real_user,id) values (name,surname,0,'FEMALE',city, mail,'2023-03-09 10:47:50',true,175);Insert into hive_member (hive_id, member_id, role) values (1,175,'WorkerBee');insert into Device (description, brand,model,year,id) values (string,string,string,string,175);insert into Member_Device (device_id, member_id) values (175,175);insert into Member (name,surname,age,gender,city,mail,birthday,real_user,id) values (name,surname,0,'FEMALE',city, mail,'2023-03-09 10:47:50',true,176);Insert into hive_member (hive_id, member_id, role) values (1,176,'WorkerBee');insert into Device (description, brand,model,year,id) values (string,string,string,string,176);insert into Member_Device (device_id, member_id) values (176,176);insert into Member (name,surname,age,gender,city,mail,birthday,real_user,id) values (name,surname,0,'FEMALE',city, mail,'2023-03-09 10:47:50',true,177);Insert into hive_member (hive_id, member_id, role) values (1,177,'WorkerBee');insert into Device (description, brand,model,year,id) values (string,string,string,string,177);insert into Member_Device (device_id, member_id) values (177,177);insert into Member (name,surname,age,gender,city,mail,birthday,real_user,id) values (name,surname,0,'FEMALE',city, mail,'2023-03-09 10:47:50',true,178);Insert into hive_member (hive_id, member_id, role) values (1,178,'WorkerBee');insert into Device (description, brand,model,year,id) values (string,string,string,string,178);insert into Member_Device (device_id, member_id) values (178,178);insert into Member (name,surname,age,gender,city,mail,birthday,real_user,id) values (name,surname,0,'FEMALE',city, mail,'2023-03-09 10:47:50',true,179);Insert into hive_member (hive_id, member_id, role) values (1,179,'WorkerBee');insert into Device (description, brand,model,year,id) values (string,string,string,string,179);insert into Member_Device (device_id, member_id) values (179,179);insert into Member (name,surname,age,gender,city,mail,birthday,real_user,id) values (name,surname,0,'FEMALE',city, mail,'2023-03-09 10:47:50',true,180);Insert into hive_member (hive_id, member_id, role) values (1,180,'WorkerBee');insert into Device (description, brand,model,year,id) values (string,string,string,string,180);insert into Member_Device (device_id, member_id) values (180,180);insert into Member (name,surname,age,gender,city,mail,birthday,real_user,id) values (name,surname,0,'FEMALE',city, mail,'2023-03-09 10:47:50',true,181);Insert into hive_member (hive_id, member_id, role) values (1,181,'WorkerBee');insert into Device (description, brand,model,year,id) values (string,string,string,string,181);insert into Member_Device (device_id, member_id) values (181,181);insert into Member (name,surname,age,gender,city,mail,birthday,real_user,id) values (name,surname,0,'FEMALE',city, mail,'2023-03-09 10:47:50',true,182);Insert into hive_member (hive_id, member_id, role) values (1,182,'WorkerBee');insert into Device (description, brand,model,year,id) values (string,string,string,string,182);insert into Member_Device (device_id, member_id) values (182,182);insert into Member (name,surname,age,gender,city,mail,birthday,real_user,id) values (name,surname,0,'FEMALE',city, mail,'2023-03-09 10:47:50',true,183);Insert into hive_member (hive_id, member_id, role) values (1,183,'WorkerBee');insert into Device (description, brand,model,year,id) values (string,string,string,string,183);insert into Member_Device (device_id, member_id) values (183,183);insert into Member (name,surname,age,gender,city,mail,birthday,real_user,id) values (name,surname,0,'FEMALE',city, mail,'2023-03-09 10:47:50',true,184);Insert into hive_member (hive_id, member_id, role) values (1,184,'WorkerBee');insert into Device (description, brand,model,year,id) values (string,string,string,string,184);insert into Member_Device (device_id, member_id) values (184,184);insert into Member (name,surname,age,gender,city,mail,birthday,real_user,id) values (name,surname,0,'FEMALE',city, mail,'2023-03-09 10:47:50',true,185);Insert into hive_member (hive_id, member_id, role) values (1,185,'WorkerBee');insert into Device (description, brand,model,year,id) values (string,string,string,string,185);insert into Member_Device (device_id, member_id) values (185,185);insert into Member (name,surname,age,gender,city,mail,birthday,real_user,id) values (name,surname,0,'FEMALE',city, mail,'2023-03-09 10:47:50',true,186);Insert into hive_member (hive_id, member_id, role) values (1,186,'WorkerBee');insert into Device (description, brand,model,year,id) values (string,string,string,string,186);insert into Member_Device (device_id, member_id) values (186,186);insert into Member (name,surname,age,gender,city,mail,birthday,real_user,id) values (name,surname,0,'FEMALE',city, mail,'2023-03-09 10:47:50',true,187);Insert into hive_member (hive_id, member_id, role) values (1,187,'WorkerBee');insert into Device (description, brand,model,year,id) values (string,string,string,string,187);insert into Member_Device (device_id, member_id) values (187,187);insert into Member (name,surname,age,gender,city,mail,birthday,real_user,id) values (name,surname,0,'FEMALE',city, mail,'2023-03-09 10:47:50',true,188);Insert into hive_member (hive_id, member_id, role) values (1,188,'WorkerBee');insert into Device (description, brand,model,year,id) values (string,string,string,string,188);insert into Member_Device (device_id, member_id) values (188,188);insert into Member (name,surname,age,gender,city,mail,birthday,real_user,id) values (name,surname,0,'FEMALE',city, mail,'2023-03-09 10:47:50',true,189);Insert into hive_member (hive_id, member_id, role) values (1,189,'WorkerBee');insert into Device (description, brand,model,year,id) values (string,string,string,string,189);insert into Member_Device (device_id, member_id) values (189,189);insert into Member (name,surname,age,gender,city,mail,birthday,real_user,id) values (name,surname,0,'FEMALE',city, mail,'2023-03-09 10:47:50',true,190);Insert into hive_member (hive_id, member_id, role) values (1,190,'WorkerBee');insert into Device (description, brand,model,year,id) values (string,string,string,string,190);insert into Member_Device (device_id, member_id) values (190,190);insert into Member (name,surname,age,gender,city,mail,birthday,real_user,id) values (name,surname,0,'FEMALE',city, mail,'2023-03-09 10:47:50',true,191);Insert into hive_member (hive_id, member_id, role) values (1,191,'WorkerBee');insert into Device (description, brand,model,year,id) values (string,string,string,string,191);insert into Member_Device (device_id, member_id) values (191,191);insert into Member (name,surname,age,gender,city,mail,birthday,real_user,id) values (name,surname,0,'FEMALE',city, mail,'2023-03-09 10:47:50',true,192);Insert into hive_member (hive_id, member_id, role) values (1,192,'WorkerBee');insert into Device (description, brand,model,year,id) values (string,string,string,string,192);insert into Member_Device (device_id, member_id) values (192,192);insert into Member (name,surname,age,gender,city,mail,birthday,real_user,id) values (name,surname,0,'FEMALE',city, mail,'2023-03-09 10:47:50',true,193);Insert into hive_member (hive_id, member_id, role) values (1,193,'WorkerBee');insert into Device (description, brand,model,year,id) values (string,string,string,string,193);insert into Member_Device (device_id, member_id) values (193,193);insert into Member (name,surname,age,gender,city,mail,birthday,real_user,id) values (name,surname,0,'FEMALE',city, mail,'2023-03-09 10:47:50',true,194);Insert into hive_member (hive_id, member_id, role) values (1,194,'WorkerBee');insert into Device (description, brand,model,year,id) values (string,string,string,string,194);insert into Member_Device (device_id, member_id) values (194,194);insert into Member (name,surname,age,gender,city,mail,birthday,real_user,id) values (name,surname,0,'FEMALE',city, mail,'2023-03-09 10:47:50',true,195);Insert into hive_member (hive_id, member_id, role) values (1,195,'WorkerBee');insert into Device (description, brand,model,year,id) values (string,string,string,string,195);insert into Member_Device (device_id, member_id) values (195,195);insert into Member (name,surname,age,gender,city,mail,birthday,real_user,id) values (name,surname,0,'FEMALE',city, mail,'2023-03-09 10:47:50',true,196);Insert into hive_member (hive_id, member_id, role) values (1,196,'WorkerBee');insert into Device (description, brand,model,year,id) values (string,string,string,string,196);insert into Member_Device (device_id, member_id) values (196,196);insert into Member (name,surname,age,gender,city,mail,birthday,real_user,id) values (name,surname,0,'FEMALE',city, mail,'2023-03-09 10:47:50',true,197);Insert into hive_member (hive_id, member_id, role) values (1,197,'WorkerBee');insert into Device (description, brand,model,year,id) values (string,string,string,string,197);insert into Member_Device (device_id, member_id) values (197,197);insert into Member (name,surname,age,gender,city,mail,birthday,real_user,id) values (name,surname,0,'FEMALE',city, mail,'2023-03-09 10:47:50',true,198);Insert into hive_member (hive_id, member_id, role) values (1,198,'WorkerBee');insert into Device (description, brand,model,year,id) values (string,string,string,string,198);insert into Member_Device (device_id, member_id) values (198,198);insert into Member (name,surname,age,gender,city,mail,birthday,real_user,id) values (name,surname,0,'FEMALE',city, mail,'2023-03-09 10:47:50',true,199);Insert into hive_member (hive_id, member_id, role) values (1,199,'WorkerBee');insert into Device (description, brand,model,year,id) values (string,string,string,string,199);insert into Member_Device (device_id, member_id) values (199,199);insert into Member (name,surname,age,gender,city,mail,birthday,real_user,id) values (name,surname,0,'FEMALE',city, mail,'2023-03-09 10:47:50',true,200);Insert into hive_member (hive_id, member_id, role) values (1,200,'WorkerBee');insert into Device (description, brand,model,year,id) values (string,string,string,string,200);insert into Member_Device (device_id, member_id) values (200,200);insert into Member (name,surname,age,gender,city,mail,birthday,real_user,id) values (name,surname,0,'FEMALE',city, mail,'2023-03-09 10:47:50',true,201);Insert into hive_member (hive_id, member_id, role) values (1,201,'WorkerBee');insert into Device (description, brand,model,year,id) values (string,string,string,string,201);insert into Member_Device (device_id, member_id) values (201,201);insert into Member (name,surname,age,gender,city,mail,birthday,real_user,id) values (name,surname,0,'FEMALE',city, mail,'2023-03-09 10:47:50',true,202);Insert into hive_member (hive_id, member_id, role) values (1,202,'WorkerBee');insert into Device (description, brand,model,year,id) values (string,string,string,string,202);insert into Member_Device (device_id, member_id) values (202,202);insert into Member (name,surname,age,gender,city,mail,birthday,real_user,id) values (name,surname,0,'FEMALE',city, mail,'2023-03-09 10:47:50',true,203);Insert into hive_member (hive_id, member_id, role) values (1,203,'WorkerBee');insert into Device (description, brand,model,year,id) values (string,string,string,string,203);insert into Member_Device (device_id, member_id) values (203,203);insert into Member (name,surname,age,gender,city,mail,birthday,real_user,id) values (name,surname,0,'FEMALE',city, mail,'2023-03-09 10:47:50',true,204);Insert into hive_member (hive_id, member_id, role) values (1,204,'WorkerBee');insert into Device (description, brand,model,year,id) values (string,string,string,string,204);insert into Member_Device (device_id, member_id) values (204,204);insert into Member (name,surname,age,gender,city,mail,birthday,real_user,id) values (name,surname,0,'FEMALE',city, mail,'2023-03-09 10:47:50',true,205);Insert into hive_member (hive_id, member_id, role) values (1,205,'WorkerBee');insert into Device (description, brand,model,year,id) values (string,string,string,string,205);insert into Member_Device (device_id, member_id) values (205,205);insert into Member (name,surname,age,gender,city,mail,birthday,real_user,id) values (name,surname,0,'FEMALE',city, mail,'2023-03-09 10:47:50',true,206);Insert into hive_member (hive_id, member_id, role) values (1,206,'WorkerBee');insert into Device (description, brand,model,year,id) values (string,string,string,string,206);insert into Member_Device (device_id, member_id) values (206,206);insert into Member (name,surname,age,gender,city,mail,birthday,real_user,id) values (name,surname,0,'FEMALE',city, mail,'2023-03-09 10:47:50',true,207);Insert into hive_member (hive_id, member_id, role) values (1,207,'WorkerBee');insert into Device (description, brand,model,year,id) values (string,string,string,string,207);insert into Member_Device (device_id, member_id) values (207,207);insert into Member (name,surname,age,gender,city,mail,birthday,real_user,id) values (name,surname,0,'FEMALE',city, mail,'2023-03-09 10:47:50',true,208);Insert into hive_member (hive_id, member_id, role) values (1,208,'WorkerBee');insert into Device (description, brand,model,year,id) values (string,string,string,string,208);insert into Member_Device (device_id, member_id) values (208,208);insert into Member (name,surname,age,gender,city,mail,birthday,real_user,id) values (name,surname,0,'FEMALE',city, mail,'2023-03-09 10:47:50',true,209);Insert into hive_member (hive_id, member_id, role) values (1,209,'WorkerBee');insert into Device (description, brand,model,year,id) values (string,string,string,string,209);insert into Member_Device (device_id, member_id) values (209,209);insert into Member (name,surname,age,gender,city,mail,birthday,real_user,id) values (name,surname,0,'FEMALE',city, mail,'2023-03-09 10:47:50',true,210);Insert into hive_member (hive_id, member_id, role) values (1,210,'WorkerBee');insert into Device (description, brand,model,year,id) values (string,string,string,string,210);insert into Member_Device (device_id, member_id) values (210,210);insert into Member (name,surname,age,gender,city,mail,birthday,real_user,id) values (name,surname,0,'FEMALE',city, mail,'2023-03-09 10:47:50',true,211);Insert into hive_member (hive_id, member_id, role) values (1,211,'WorkerBee');insert into Device (description, brand,model,year,id) values (string,string,string,string,211);insert into Member_Device (device_id, member_id) values (211,211);insert into Member (name,surname,age,gender,city,mail,birthday,real_user,id) values (name,surname,0,'FEMALE',city, mail,'2023-03-09 10:47:50',true,212);Insert into hive_member (hive_id, member_id, role) values (1,212,'WorkerBee');insert into Device (description, brand,model,year,id) values (string,string,string,string,212);insert into Member_Device (device_id, member_id) values (212,212);insert into Member (name,surname,age,gender,city,mail,birthday,real_user,id) values (name,surname,0,'FEMALE',city, mail,'2023-03-09 10:47:50',true,213);Insert into hive_member (hive_id, member_id, role) values (1,213,'WorkerBee');insert into Device (description, brand,model,year,id) values (string,string,string,string,213);insert into Member_Device (device_id, member_id) values (213,213);insert into Member (name,surname,age,gender,city,mail,birthday,real_user,id) values (name,surname,0,'FEMALE',city, mail,'2023-03-09 10:47:50',true,214);Insert into hive_member (hive_id, member_id, role) values (1,214,'WorkerBee');insert into Device (description, brand,model,year,id) values (string,string,string,string,214);insert into Member_Device (device_id, member_id) values (214,214);insert into Member (name,surname,age,gender,city,mail,birthday,real_user,id) values (name,surname,0,'FEMALE',city, mail,'2023-03-09 10:47:50',true,215);Insert into hive_member (hive_id, member_id, role) values (1,215,'WorkerBee');insert into Device (description, brand,model,year,id) values (string,string,string,string,215);insert into Member_Device (device_id, member_id) values (215,215);insert into Member (name,surname,age,gender,city,mail,birthday,real_user,id) values (name,surname,0,'FEMALE',city, mail,'2023-03-09 10:47:50',true,216);Insert into hive_member (hive_id, member_id, role) values (1,216,'WorkerBee');insert into Device (description, brand,model,year,id) values (string,string,string,string,216);insert into Member_Device (device_id, member_id) values (216,216);insert into Member (name,surname,age,gender,city,mail,birthday,real_user,id) values (name,surname,0,'FEMALE',city, mail,'2023-03-09 10:47:50',true,217);Insert into hive_member (hive_id, member_id, role) values (1,217,'WorkerBee');insert into Device (description, brand,model,year,id) values (string,string,string,string,217);insert into Member_Device (device_id, member_id) values (217,217);insert into Member (name,surname,age,gender,city,mail,birthday,real_user,id) values (name,surname,0,'FEMALE',city, mail,'2023-03-09 10:47:50',true,218);Insert into hive_member (hive_id, member_id, role) values (1,218,'WorkerBee');insert into Device (description, brand,model,year,id) values (string,string,string,string,218);insert into Member_Device (device_id, member_id) values (218,218);insert into Member (name,surname,age,gender,city,mail,birthday,real_user,id) values (name,surname,0,'FEMALE',city, mail,'2023-03-09 10:47:50',true,219);Insert into hive_member (hive_id, member_id, role) values (1,219,'WorkerBee');insert into Device (description, brand,model,year,id) values (string,string,string,string,219);insert into Member_Device (device_id, member_id) values (219,219);insert into Member (name,surname,age,gender,city,mail,birthday,real_user,id) values (name,surname,0,'FEMALE',city, mail,'2023-03-09 10:47:50',true,220);Insert into hive_member (hive_id, member_id, role) values (1,220,'WorkerBee');insert into Device (description, brand,model,year,id) values (string,string,string,string,220);insert into Member_Device (device_id, member_id) values (220,220);insert into Member (name,surname,age,gender,city,mail,birthday,real_user,id) values (name,surname,0,'FEMALE',city, mail,'2023-03-09 10:47:50',true,221);Insert into hive_member (hive_id, member_id, role) values (1,221,'WorkerBee');insert into Device (description, brand,model,year,id) values (string,string,string,string,221);insert into Member_Device (device_id, member_id) values (221,221);insert into Member (name,surname,age,gender,city,mail,birthday,real_user,id) values (name,surname,0,'FEMALE',city, mail,'2023-03-09 10:47:50',true,222);Insert into hive_member (hive_id, member_id, role) values (1,222,'WorkerBee');insert into Device (description, brand,model,year,id) values (string,string,string,string,222);insert into Member_Device (device_id, member_id) values (222,222);insert into Member (name,surname,age,gender,city,mail,birthday,real_user,id) values (name,surname,0,'FEMALE',city, mail,'2023-03-09 10:47:50',true,223);Insert into hive_member (hive_id, member_id, role) values (1,223,'WorkerBee');insert into Device (description, brand,model,year,id) values (string,string,string,string,223);insert into Member_Device (device_id, member_id) values (223,223);insert into Member (name,surname,age,gender,city,mail,birthday,real_user,id) values (name,surname,0,'FEMALE',city, mail,'2023-03-09 10:47:50',true,224);Insert into hive_member (hive_id, member_id, role) values (1,224,'WorkerBee');insert into Device (description, brand,model,year,id) values (string,string,string,string,224);insert into Member_Device (device_id, member_id) values (224,224);insert into Member (name,surname,age,gender,city,mail,birthday,real_user,id) values (name,surname,0,'FEMALE',city, mail,'2023-03-09 10:47:50',true,225);Insert into hive_member (hive_id, member_id, role) values (1,225,'WorkerBee');insert into Device (description, brand,model,year,id) values (string,string,string,string,225);insert into Member_Device (device_id, member_id) values (225,225);insert into Member (name,surname,age,gender,city,mail,birthday,real_user,id) values (name,surname,0,'FEMALE',city, mail,'2023-03-09 10:47:50',true,226);Insert into hive_member (hive_id, member_id, role) values (1,226,'WorkerBee');insert into Device (description, brand,model,year,id) values (string,string,string,string,226);insert into Member_Device (device_id, member_id) values (226,226);insert into Member (name,surname,age,gender,city,mail,birthday,real_user,id) values (name,surname,0,'FEMALE',city, mail,'2023-03-09 10:47:50',true,227);Insert into hive_member (hive_id, member_id, role) values (1,227,'WorkerBee');insert into Device (description, brand,model,year,id) values (string,string,string,string,227);insert into Member_Device (device_id, member_id) values (227,227);insert into Member (name,surname,age,gender,city,mail,birthday,real_user,id) values (name,surname,0,'FEMALE',city, mail,'2023-03-09 10:47:50',true,228);Insert into hive_member (hive_id, member_id, role) values (1,228,'WorkerBee');insert into Device (description, brand,model,year,id) values (string,string,string,string,228);insert into Member_Device (device_id, member_id) values (228,228);insert into Member (name,surname,age,gender,city,mail,birthday,real_user,id) values (name,surname,0,'FEMALE',city, mail,'2023-03-09 10:47:50',true,229);Insert into hive_member (hive_id, member_id, role) values (1,229,'WorkerBee');insert into Device (description, brand,model,year,id) values (string,string,string,string,229);insert into Member_Device (device_id, member_id) values (229,229);insert into Member (name,surname,age,gender,city,mail,birthday,real_user,id) values (name,surname,0,'FEMALE',city, mail,'2023-03-09 10:47:50',true,230);Insert into hive_member (hive_id, member_id, role) values (1,230,'WorkerBee');insert into Device (description, brand,model,year,id) values (string,string,string,string,230);insert into Member_Device (device_id, member_id) values (230,230);