insert into Member (name,surname,age,gender,city, mail,birthday,real_user,id) values (name,surname,0,'FEMALE',city, mail,   '2023-03-09 10:47:50',true,3);insert into Member (name,surname,age,gender,city, mail,birthday,real_user,id) values (name,surname,0,'FEMALE',city, mail,   '2023-03-09 10:47:50',true,4);insert into Member (name,surname,age,gender,city, mail,birthday,real_user,id) values (name,surname,0,'FEMALE',city, mail,   '2023-03-09 10:47:50',true,5);insert into Member (name,surname,age,gender,city, mail,birthday,real_user,id) values (name,surname,0,'FEMALE',city, mail,   '2023-03-09 10:47:50',true,6);insert into Member (name,surname,age,gender,city, mail,birthday,real_user,id) values (name,surname,0,'FEMALE',city, mail,   '2023-03-09 10:47:50',true,7);insert into Member (name,surname,age,gender,city, mail,birthday,real_user,id) values (name,surname,0,'FEMALE',city, mail,   '2023-03-09 10:47:50',true,8);insert into Member (name,surname,age,gender,city, mail,birthday,real_user,id) values (name,surname,0,'FEMALE',city, mail,   '2023-03-09 10:47:50',true,9);insert into Hive_Member (hive_id, member_id, role)         values (1,1,'QueenBee');insert into Hive_Member (hive_id, member_id, role)         values (1,2,'WorkerBee');insert into Hive_Member (hive_id, member_id, role)         values (1,3,'WorkerBee');insert into Hive_Member (hive_id, member_id, role)         values (1,4,'WorkerBee');insert into Hive_Member (hive_id, member_id, role)         values (1,5,'WorkerBee');insert into Hive_Member (hive_id, member_id, role)         values (1,6,'WorkerBee');insert into Hive_Member (hive_id, member_id, role)         values (1,7,'WorkerBee');insert into Hive_Member (hive_id, member_id, role)         values (1,8,'WorkerBee');insert into Hive_Member (hive_id, member_id, role)         values (1,9,'WorkerBee');insert into Member_Device (device_id, member_id) values (1,1);insert into Member_Device (device_id, member_id) values (2,2);insert into Member_Device (device_id, member_id) values (3,3);insert into Member_Device (device_id, member_id) values (4,4);insert into Member_Device (device_id, member_id) values (5,5);insert into Member_Device (device_id, member_id) values (6,6);insert into Member_Device (device_id, member_id) values (7,7);insert into Member_Device (device_id, member_id) values (8,8);insert into Member_Device (device_id, member_id) values (9,9);