insert into BeeKeeper (name,surname,age,gender,city, mail,birthday,real_user,id) values (name,surname,0,'FEMALE',city, mail,   '2023-03-09 10:47:50',true,1);insert into Hive (id,beekeeper_id,city, name) values (1,1,city,name);insert into Member (name,surname,age,gender,city, mail,birthday,real_user,id) values (name,surname,0,'FEMALE',city, mail,   '2023-03-09 10:47:50',true,1);insert into Member (name,surname,age,gender,city, mail,birthday,real_user,id) values (name,surname,0,'FEMALE',city, mail,   '2023-03-09 10:47:50',true,2);insert into Member (name,surname,age,gender,city, mail,birthday,real_user,id) values (name,surname,0,'FEMALE',city, mail,   '2023-03-09 10:47:50',true,3);insert into Member (name,surname,age,gender,city, mail,birthday,real_user,id) values (name,surname,0,'FEMALE',city, mail,   '2023-03-09 10:47:50',true,4);insert into Member (name,surname,age,gender,city, mail,birthday,real_user,id) values (name,surname,0,'FEMALE',city, mail,   '2023-03-09 10:47:50',true,5);insert into Member (name,surname,age,gender,city, mail,birthday,real_user,id) values (name,surname,0,'FEMALE',city, mail,   '2023-03-09 10:47:50',true,6);insert into Member (name,surname,age,gender,city, mail,birthday,real_user,id) values (name,surname,0,'FEMALE',city, mail,   '2023-03-09 10:47:50',true,7);insert into Member (name,surname,age,gender,city, mail,birthday,real_user,id) values (name,surname,0,'FEMALE',city, mail,   '2023-03-09 10:47:50',true,8);insert into Member (name,surname,age,gender,city, mail,birthday,real_user,id) values (name,surname,0,'FEMALE',city, mail,   '2023-03-09 10:47:50',true,9);insert into Member (name,surname,age,gender,city, mail,birthday,real_user,id) values (name,surname,0,'FEMALE',city, mail,   '2023-03-09 10:47:50',true,10);insert into Member (name,surname,age,gender,city, mail,birthday,real_user,id) values (name,surname,0,'FEMALE',city, mail,   '2023-03-09 10:47:50',true,11);insert into Member (name,surname,age,gender,city, mail,birthday,real_user,id) values (name,surname,0,'FEMALE',city, mail,   '2023-03-09 10:47:50',true,12);insert into Member (name,surname,age,gender,city, mail,birthday,real_user,id) values (name,surname,0,'FEMALE',city, mail,   '2023-03-09 10:47:50',true,13);insert into Member (name,surname,age,gender,city, mail,birthday,real_user,id) values (name,surname,0,'FEMALE',city, mail,   '2023-03-09 10:47:50',true,14);insert into Member (name,surname,age,gender,city, mail,birthday,real_user,id) values (name,surname,0,'FEMALE',city, mail,   '2023-03-09 10:47:50',true,15);insert into Member (name,surname,age,gender,city, mail,birthday,real_user,id) values (name,surname,0,'FEMALE',city, mail,   '2023-03-09 10:47:50',true,16);insert into Member (name,surname,age,gender,city, mail,birthday,real_user,id) values (name,surname,0,'FEMALE',city, mail,   '2023-03-09 10:47:50',true,17);insert into Member (name,surname,age,gender,city, mail,birthday,real_user,id) values (name,surname,0,'FEMALE',city, mail,   '2023-03-09 10:47:50',true,18);insert into Member (name,surname,age,gender,city, mail,birthday,real_user,id) values (name,surname,0,'FEMALE',city, mail,   '2023-03-09 10:47:50',true,19);insert into Member (name,surname,age,gender,city, mail,birthday,real_user,id) values (name,surname,0,'FEMALE',city, mail,   '2023-03-09 10:47:50',true,20);insert into Member (name,surname,age,gender,city, mail,birthday,real_user,id) values (name,surname,0,'FEMALE',city, mail,   '2023-03-09 10:47:50',true,21);insert into Member (name,surname,age,gender,city, mail,birthday,real_user,id) values (name,surname,0,'FEMALE',city, mail,   '2023-03-09 10:47:50',true,22);insert into Member (name,surname,age,gender,city, mail,birthday,real_user,id) values (name,surname,0,'FEMALE',city, mail,   '2023-03-09 10:47:50',true,23);insert into Member (name,surname,age,gender,city, mail,birthday,real_user,id) values (name,surname,0,'FEMALE',city, mail,   '2023-03-09 10:47:50',true,24);insert into Member (name,surname,age,gender,city, mail,birthday,real_user,id) values (name,surname,0,'FEMALE',city, mail,   '2023-03-09 10:47:50',true,25);insert into Member (name,surname,age,gender,city, mail,birthday,real_user,id) values (name,surname,0,'FEMALE',city, mail,   '2023-03-09 10:47:50',true,26);insert into Member (name,surname,age,gender,city, mail,birthday,real_user,id) values (name,surname,0,'FEMALE',city, mail,   '2023-03-09 10:47:50',true,27);insert into Member (name,surname,age,gender,city, mail,birthday,real_user,id) values (name,surname,0,'FEMALE',city, mail,   '2023-03-09 10:47:50',true,28);insert into Member (name,surname,age,gender,city, mail,birthday,real_user,id) values (name,surname,0,'FEMALE',city, mail,   '2023-03-09 10:47:50',true,29);insert into Member (name,surname,age,gender,city, mail,birthday,real_user,id) values (name,surname,0,'FEMALE',city, mail,   '2023-03-09 10:47:50',true,30);insert into Member (name,surname,age,gender,city, mail,birthday,real_user,id) values (name,surname,0,'FEMALE',city, mail,   '2023-03-09 10:47:50',true,31);insert into Member (name,surname,age,gender,city, mail,birthday,real_user,id) values (name,surname,0,'FEMALE',city, mail,   '2023-03-09 10:47:50',true,32);insert into Member (name,surname,age,gender,city, mail,birthday,real_user,id) values (name,surname,0,'FEMALE',city, mail,   '2023-03-09 10:47:50',true,33);insert into Member (name,surname,age,gender,city, mail,birthday,real_user,id) values (name,surname,0,'FEMALE',city, mail,   '2023-03-09 10:47:50',true,34);insert into Member (name,surname,age,gender,city, mail,birthday,real_user,id) values (name,surname,0,'FEMALE',city, mail,   '2023-03-09 10:47:50',true,35);insert into Member (name,surname,age,gender,city, mail,birthday,real_user,id) values (name,surname,0,'FEMALE',city, mail,   '2023-03-09 10:47:50',true,36);insert into Member (name,surname,age,gender,city, mail,birthday,real_user,id) values (name,surname,0,'FEMALE',city, mail,   '2023-03-09 10:47:50',true,37);insert into Member (name,surname,age,gender,city, mail,birthday,real_user,id) values (name,surname,0,'FEMALE',city, mail,   '2023-03-09 10:47:50',true,38);insert into Member (name,surname,age,gender,city, mail,birthday,real_user,id) values (name,surname,0,'FEMALE',city, mail,   '2023-03-09 10:47:50',true,39);insert into Member (name,surname,age,gender,city, mail,birthday,real_user,id) values (name,surname,0,'FEMALE',city, mail,   '2023-03-09 10:47:50',true,40);insert into Member (name,surname,age,gender,city, mail,birthday,real_user,id) values (name,surname,0,'FEMALE',city, mail,   '2023-03-09 10:47:50',true,41);insert into Member (name,surname,age,gender,city, mail,birthday,real_user,id) values (name,surname,0,'FEMALE',city, mail,   '2023-03-09 10:47:50',true,42);insert into Member (name,surname,age,gender,city, mail,birthday,real_user,id) values (name,surname,0,'FEMALE',city, mail,   '2023-03-09 10:47:50',true,43);insert into Member (name,surname,age,gender,city, mail,birthday,real_user,id) values (name,surname,0,'FEMALE',city, mail,   '2023-03-09 10:47:50',true,44);insert into Member (name,surname,age,gender,city, mail,birthday,real_user,id) values (name,surname,0,'FEMALE',city, mail,   '2023-03-09 10:47:50',true,45);insert into Member (name,surname,age,gender,city, mail,birthday,real_user,id) values (name,surname,0,'FEMALE',city, mail,   '2023-03-09 10:47:50',true,46);insert into Member (name,surname,age,gender,city, mail,birthday,real_user,id) values (name,surname,0,'FEMALE',city, mail,   '2023-03-09 10:47:50',true,47);insert into Member (name,surname,age,gender,city, mail,birthday,real_user,id) values (name,surname,0,'FEMALE',city, mail,   '2023-03-09 10:47:50',true,48);insert into Member (name,surname,age,gender,city, mail,birthday,real_user,id) values (name,surname,0,'FEMALE',city, mail,   '2023-03-09 10:47:50',true,49);insert into Member (name,surname,age,gender,city, mail,birthday,real_user,id) values (name,surname,0,'FEMALE',city, mail,   '2023-03-09 10:47:50',true,50);insert into Member (name,surname,age,gender,city, mail,birthday,real_user,id) values (name,surname,0,'FEMALE',city, mail,   '2023-03-09 10:47:50',true,51);insert into Member (name,surname,age,gender,city, mail,birthday,real_user,id) values (name,surname,0,'FEMALE',city, mail,   '2023-03-09 10:47:50',true,52);insert into Member (name,surname,age,gender,city, mail,birthday,real_user,id) values (name,surname,0,'FEMALE',city, mail,   '2023-03-09 10:47:50',true,53);insert into Member (name,surname,age,gender,city, mail,birthday,real_user,id) values (name,surname,0,'FEMALE',city, mail,   '2023-03-09 10:47:50',true,54);insert into Member (name,surname,age,gender,city, mail,birthday,real_user,id) values (name,surname,0,'FEMALE',city, mail,   '2023-03-09 10:47:50',true,55);insert into Member (name,surname,age,gender,city, mail,birthday,real_user,id) values (name,surname,0,'FEMALE',city, mail,   '2023-03-09 10:47:50',true,56);insert into Member (name,surname,age,gender,city, mail,birthday,real_user,id) values (name,surname,0,'FEMALE',city, mail,   '2023-03-09 10:47:50',true,57);insert into Member (name,surname,age,gender,city, mail,birthday,real_user,id) values (name,surname,0,'FEMALE',city, mail,   '2023-03-09 10:47:50',true,58);insert into Member (name,surname,age,gender,city, mail,birthday,real_user,id) values (name,surname,0,'FEMALE',city, mail,   '2023-03-09 10:47:50',true,59);insert into Member (name,surname,age,gender,city, mail,birthday,real_user,id) values (name,surname,0,'FEMALE',city, mail,   '2023-03-09 10:47:50',true,60);insert into Member (name,surname,age,gender,city, mail,birthday,real_user,id) values (name,surname,0,'FEMALE',city, mail,   '2023-03-09 10:47:50',true,61);insert into Member (name,surname,age,gender,city, mail,birthday,real_user,id) values (name,surname,0,'FEMALE',city, mail,   '2023-03-09 10:47:50',true,62);insert into Member (name,surname,age,gender,city, mail,birthday,real_user,id) values (name,surname,0,'FEMALE',city, mail,   '2023-03-09 10:47:50',true,63);insert into Member (name,surname,age,gender,city, mail,birthday,real_user,id) values (name,surname,0,'FEMALE',city, mail,   '2023-03-09 10:47:50',true,64);insert into Member (name,surname,age,gender,city, mail,birthday,real_user,id) values (name,surname,0,'FEMALE',city, mail,   '2023-03-09 10:47:50',true,65);insert into Member (name,surname,age,gender,city, mail,birthday,real_user,id) values (name,surname,0,'FEMALE',city, mail,   '2023-03-09 10:47:50',true,66);insert into Member (name,surname,age,gender,city, mail,birthday,real_user,id) values (name,surname,0,'FEMALE',city, mail,   '2023-03-09 10:47:50',true,67);insert into Member (name,surname,age,gender,city, mail,birthday,real_user,id) values (name,surname,0,'FEMALE',city, mail,   '2023-03-09 10:47:50',true,68);insert into Member (name,surname,age,gender,city, mail,birthday,real_user,id) values (name,surname,0,'FEMALE',city, mail,   '2023-03-09 10:47:50',true,69);insert into Member (name,surname,age,gender,city, mail,birthday,real_user,id) values (name,surname,0,'FEMALE',city, mail,   '2023-03-09 10:47:50',true,70);insert into Member (name,surname,age,gender,city, mail,birthday,real_user,id) values (name,surname,0,'FEMALE',city, mail,   '2023-03-09 10:47:50',true,71);insert into Member (name,surname,age,gender,city, mail,birthday,real_user,id) values (name,surname,0,'FEMALE',city, mail,   '2023-03-09 10:47:50',true,72);insert into Member (name,surname,age,gender,city, mail,birthday,real_user,id) values (name,surname,0,'FEMALE',city, mail,   '2023-03-09 10:47:50',true,73);insert into Member (name,surname,age,gender,city, mail,birthday,real_user,id) values (name,surname,0,'FEMALE',city, mail,   '2023-03-09 10:47:50',true,74);insert into Hive_Member (hive_id, member_id, role) values (1,1,'QueenBee');insert into Hive_Member (hive_id, member_id, role) values (1,2,'WorkerBee');insert into Hive_Member (hive_id, member_id, role) values (1,3,'WorkerBee');insert into Hive_Member (hive_id, member_id, role) values (1,4,'WorkerBee');insert into Hive_Member (hive_id, member_id, role) values (1,5,'WorkerBee');insert into Hive_Member (hive_id, member_id, role) values (1,6,'WorkerBee');insert into Hive_Member (hive_id, member_id, role) values (1,7,'WorkerBee');insert into Hive_Member (hive_id, member_id, role) values (1,8,'WorkerBee');insert into Hive_Member (hive_id, member_id, role) values (1,9,'WorkerBee');insert into Hive_Member (hive_id, member_id, role) values (1,10,'WorkerBee');insert into Hive_Member (hive_id, member_id, role) values (1,11,'WorkerBee');insert into Hive_Member (hive_id, member_id, role) values (1,12,'WorkerBee');insert into Hive_Member (hive_id, member_id, role) values (1,13,'WorkerBee');insert into Hive_Member (hive_id, member_id, role) values (1,14,'WorkerBee');insert into Hive_Member (hive_id, member_id, role) values (1,15,'WorkerBee');insert into Hive_Member (hive_id, member_id, role) values (1,16,'WorkerBee');insert into Hive_Member (hive_id, member_id, role) values (1,17,'WorkerBee');insert into Hive_Member (hive_id, member_id, role) values (1,18,'WorkerBee');insert into Hive_Member (hive_id, member_id, role) values (1,19,'WorkerBee');insert into Hive_Member (hive_id, member_id, role) values (1,20,'WorkerBee');insert into Hive_Member (hive_id, member_id, role) values (1,21,'WorkerBee');insert into Hive_Member (hive_id, member_id, role) values (1,22,'WorkerBee');insert into Hive_Member (hive_id, member_id, role) values (1,23,'WorkerBee');insert into Hive_Member (hive_id, member_id, role) values (1,24,'WorkerBee');insert into Hive_Member (hive_id, member_id, role) values (1,25,'WorkerBee');insert into Hive_Member (hive_id, member_id, role) values (1,26,'WorkerBee');insert into Hive_Member (hive_id, member_id, role) values (1,27,'WorkerBee');insert into Hive_Member (hive_id, member_id, role) values (1,28,'WorkerBee');insert into Hive_Member (hive_id, member_id, role) values (1,29,'WorkerBee');insert into Hive_Member (hive_id, member_id, role) values (1,30,'WorkerBee');insert into Hive_Member (hive_id, member_id, role) values (1,31,'WorkerBee');insert into Hive_Member (hive_id, member_id, role) values (1,32,'WorkerBee');insert into Hive_Member (hive_id, member_id, role) values (1,33,'WorkerBee');insert into Hive_Member (hive_id, member_id, role) values (1,34,'WorkerBee');insert into Hive_Member (hive_id, member_id, role) values (1,35,'WorkerBee');insert into Hive_Member (hive_id, member_id, role) values (1,36,'WorkerBee');insert into Hive_Member (hive_id, member_id, role) values (1,37,'WorkerBee');insert into Hive_Member (hive_id, member_id, role) values (1,38,'WorkerBee');insert into Hive_Member (hive_id, member_id, role) values (1,39,'WorkerBee');insert into Hive_Member (hive_id, member_id, role) values (1,40,'WorkerBee');insert into Hive_Member (hive_id, member_id, role) values (1,41,'WorkerBee');insert into Hive_Member (hive_id, member_id, role) values (1,42,'WorkerBee');insert into Hive_Member (hive_id, member_id, role) values (1,43,'WorkerBee');insert into Hive_Member (hive_id, member_id, role) values (1,44,'WorkerBee');insert into Hive_Member (hive_id, member_id, role) values (1,45,'WorkerBee');insert into Hive_Member (hive_id, member_id, role) values (1,46,'WorkerBee');insert into Hive_Member (hive_id, member_id, role) values (1,47,'WorkerBee');insert into Hive_Member (hive_id, member_id, role) values (1,48,'WorkerBee');insert into Hive_Member (hive_id, member_id, role) values (1,49,'WorkerBee');insert into Hive_Member (hive_id, member_id, role) values (1,50,'WorkerBee');insert into Hive_Member (hive_id, member_id, role) values (1,51,'WorkerBee');insert into Hive_Member (hive_id, member_id, role) values (1,52,'WorkerBee');insert into Hive_Member (hive_id, member_id, role) values (1,53,'WorkerBee');insert into Hive_Member (hive_id, member_id, role) values (1,54,'WorkerBee');insert into Hive_Member (hive_id, member_id, role) values (1,55,'WorkerBee');insert into Hive_Member (hive_id, member_id, role) values (1,56,'WorkerBee');insert into Hive_Member (hive_id, member_id, role) values (1,57,'WorkerBee');insert into Hive_Member (hive_id, member_id, role) values (1,58,'WorkerBee');insert into Hive_Member (hive_id, member_id, role) values (1,59,'WorkerBee');insert into Hive_Member (hive_id, member_id, role) values (1,60,'WorkerBee');insert into Hive_Member (hive_id, member_id, role) values (1,61,'WorkerBee');insert into Hive_Member (hive_id, member_id, role) values (1,62,'WorkerBee');insert into Hive_Member (hive_id, member_id, role) values (1,63,'WorkerBee');insert into Hive_Member (hive_id, member_id, role) values (1,64,'WorkerBee');insert into Hive_Member (hive_id, member_id, role) values (1,65,'WorkerBee');insert into Hive_Member (hive_id, member_id, role) values (1,66,'WorkerBee');insert into Hive_Member (hive_id, member_id, role) values (1,67,'WorkerBee');insert into Hive_Member (hive_id, member_id, role) values (1,68,'WorkerBee');insert into Hive_Member (hive_id, member_id, role) values (1,69,'WorkerBee');insert into Hive_Member (hive_id, member_id, role) values (1,70,'WorkerBee');insert into Hive_Member (hive_id, member_id, role) values (1,71,'WorkerBee');insert into Hive_Member (hive_id, member_id, role) values (1,72,'WorkerBee');insert into Hive_Member (hive_id, member_id, role) values (1,73,'WorkerBee');insert into Hive_Member (hive_id, member_id, role) values (1,74,'WorkerBee');insert into Device (id) values (1);insert into Device (id) values (2);insert into Device (id) values (3);insert into Device (id) values (4);insert into Device (id) values (5);insert into Device (id) values (6);insert into Device (id) values (7);insert into Device (id) values (8);insert into Device (id) values (9);insert into Device (id) values (10);insert into Device (id) values (11);insert into Device (id) values (12);insert into Device (id) values (13);insert into Device (id) values (14);insert into Device (id) values (15);insert into Device (id) values (16);insert into Device (id) values (17);insert into Device (id) values (18);insert into Device (id) values (19);insert into Device (id) values (20);insert into Device (id) values (21);insert into Device (id) values (22);insert into Device (id) values (23);insert into Device (id) values (24);insert into Device (id) values (25);insert into Device (id) values (26);insert into Device (id) values (27);insert into Device (id) values (28);insert into Device (id) values (29);insert into Device (id) values (30);insert into Device (id) values (31);insert into Device (id) values (32);insert into Device (id) values (33);insert into Device (id) values (34);insert into Device (id) values (35);insert into Device (id) values (36);insert into Device (id) values (37);insert into Device (id) values (38);insert into Device (id) values (39);insert into Device (id) values (40);insert into Device (id) values (41);insert into Device (id) values (42);insert into Device (id) values (43);insert into Device (id) values (44);insert into Device (id) values (45);insert into Device (id) values (46);insert into Device (id) values (47);insert into Device (id) values (48);insert into Device (id) values (49);insert into Device (id) values (50);insert into Device (id) values (51);insert into Device (id) values (52);insert into Device (id) values (53);insert into Device (id) values (54);insert into Device (id) values (55);insert into Device (id) values (56);insert into Device (id) values (57);insert into Device (id) values (58);insert into Device (id) values (59);insert into Device (id) values (60);insert into Device (id) values (61);insert into Device (id) values (62);insert into Device (id) values (63);insert into Device (id) values (64);insert into Device (id) values (65);insert into Device (id) values (66);insert into Device (id) values (67);insert into Device (id) values (68);insert into Device (id) values (69);insert into Device (id) values (70);insert into Device (id) values (71);insert into Device (id) values (72);insert into Device (id) values (73);insert into Device (id) values (74);insert into Member_Device (device_id, member_id) values (1,1);insert into Member_Device (device_id, member_id) values (2,2);insert into Member_Device (device_id, member_id) values (3,3);insert into Member_Device (device_id, member_id) values (4,4);insert into Member_Device (device_id, member_id) values (5,5);insert into Member_Device (device_id, member_id) values (6,6);insert into Member_Device (device_id, member_id) values (7,7);insert into Member_Device (device_id, member_id) values (8,8);insert into Member_Device (device_id, member_id) values (9,9);insert into Member_Device (device_id, member_id) values (10,10);insert into Member_Device (device_id, member_id) values (11,11);insert into Member_Device (device_id, member_id) values (12,12);insert into Member_Device (device_id, member_id) values (13,13);insert into Member_Device (device_id, member_id) values (14,14);insert into Member_Device (device_id, member_id) values (15,15);insert into Member_Device (device_id, member_id) values (16,16);insert into Member_Device (device_id, member_id) values (17,17);insert into Member_Device (device_id, member_id) values (18,18);insert into Member_Device (device_id, member_id) values (19,19);insert into Member_Device (device_id, member_id) values (20,20);insert into Member_Device (device_id, member_id) values (21,21);insert into Member_Device (device_id, member_id) values (22,22);insert into Member_Device (device_id, member_id) values (23,23);insert into Member_Device (device_id, member_id) values (24,24);insert into Member_Device (device_id, member_id) values (25,25);insert into Member_Device (device_id, member_id) values (26,26);insert into Member_Device (device_id, member_id) values (27,27);insert into Member_Device (device_id, member_id) values (28,28);insert into Member_Device (device_id, member_id) values (29,29);insert into Member_Device (device_id, member_id) values (30,30);insert into Member_Device (device_id, member_id) values (31,31);insert into Member_Device (device_id, member_id) values (32,32);insert into Member_Device (device_id, member_id) values (33,33);insert into Member_Device (device_id, member_id) values (34,34);insert into Member_Device (device_id, member_id) values (35,35);insert into Member_Device (device_id, member_id) values (36,36);insert into Member_Device (device_id, member_id) values (37,37);insert into Member_Device (device_id, member_id) values (38,38);insert into Member_Device (device_id, member_id) values (39,39);insert into Member_Device (device_id, member_id) values (40,40);insert into Member_Device (device_id, member_id) values (41,41);insert into Member_Device (device_id, member_id) values (42,42);insert into Member_Device (device_id, member_id) values (43,43);insert into Member_Device (device_id, member_id) values (44,44);insert into Member_Device (device_id, member_id) values (45,45);insert into Member_Device (device_id, member_id) values (46,46);insert into Member_Device (device_id, member_id) values (47,47);insert into Member_Device (device_id, member_id) values (48,48);insert into Member_Device (device_id, member_id) values (49,49);insert into Member_Device (device_id, member_id) values (50,50);insert into Member_Device (device_id, member_id) values (51,51);insert into Member_Device (device_id, member_id) values (52,52);insert into Member_Device (device_id, member_id) values (53,53);insert into Member_Device (device_id, member_id) values (54,54);insert into Member_Device (device_id, member_id) values (55,55);insert into Member_Device (device_id, member_id) values (56,56);insert into Member_Device (device_id, member_id) values (57,57);insert into Member_Device (device_id, member_id) values (58,58);insert into Member_Device (device_id, member_id) values (59,59);insert into Member_Device (device_id, member_id) values (60,60);insert into Member_Device (device_id, member_id) values (61,61);insert into Member_Device (device_id, member_id) values (62,62);insert into Member_Device (device_id, member_id) values (63,63);insert into Member_Device (device_id, member_id) values (64,64);insert into Member_Device (device_id, member_id) values (65,65);insert into Member_Device (device_id, member_id) values (66,66);insert into Member_Device (device_id, member_id) values (67,67);insert into Member_Device (device_id, member_id) values (68,68);insert into Member_Device (device_id, member_id) values (69,69);insert into Member_Device (device_id, member_id) values (70,70);insert into Member_Device (device_id, member_id) values (71,71);insert into Member_Device (device_id, member_id) values (72,72);insert into Member_Device (device_id, member_id) values (73,73);insert into Member_Device (device_id, member_id) values (74,74);