insert into BeeKeeper (name,surname,age,gender,city, mail,birthday,real_user,id) values (name,surname,0,'FEMALE',city, mail,   '2023-03-09 10:47:50',true,1);insert into Hive (id,beekeeper_id,city, name) values (1,1,city,name);insert into Member (name,surname,age,gender,city, mail,birthday,real_user,id) values (name,surname,0,'FEMALE',city, mail,   '2023-03-09 10:47:50',true,1);insert into Member (name,surname,age,gender,city, mail,birthday,real_user,id) values (name,surname,0,'FEMALE',city, mail,   '2023-03-09 10:47:50',true,2);insert into Member (name,surname,age,gender,city, mail,birthday,real_user,id) values (name,surname,0,'FEMALE',city, mail,   '2023-03-09 10:47:50',true,3);insert into Member (name,surname,age,gender,city, mail,birthday,real_user,id) values (name,surname,0,'FEMALE',city, mail,   '2023-03-09 10:47:50',true,4);insert into Member (name,surname,age,gender,city, mail,birthday,real_user,id) values (name,surname,0,'FEMALE',city, mail,   '2023-03-09 10:47:50',true,5);insert into Member (name,surname,age,gender,city, mail,birthday,real_user,id) values (name,surname,0,'FEMALE',city, mail,   '2023-03-09 10:47:50',true,6);insert into Member (name,surname,age,gender,city, mail,birthday,real_user,id) values (name,surname,0,'FEMALE',city, mail,   '2023-03-09 10:47:50',true,7);insert into Member (name,surname,age,gender,city, mail,birthday,real_user,id) values (name,surname,0,'FEMALE',city, mail,   '2023-03-09 10:47:50',true,8);insert into Member (name,surname,age,gender,city, mail,birthday,real_user,id) values (name,surname,0,'FEMALE',city, mail,   '2023-03-09 10:47:50',true,9);insert into Member (name,surname,age,gender,city, mail,birthday,real_user,id) values (name,surname,0,'FEMALE',city, mail,   '2023-03-09 10:47:50',true,10);insert into Member (name,surname,age,gender,city, mail,birthday,real_user,id) values (name,surname,0,'FEMALE',city, mail,   '2023-03-09 10:47:50',true,11);insert into Member (name,surname,age,gender,city, mail,birthday,real_user,id) values (name,surname,0,'FEMALE',city, mail,   '2023-03-09 10:47:50',true,12);insert into Member (name,surname,age,gender,city, mail,birthday,real_user,id) values (name,surname,0,'FEMALE',city, mail,   '2023-03-09 10:47:50',true,13);insert into Member (name,surname,age,gender,city, mail,birthday,real_user,id) values (name,surname,0,'FEMALE',city, mail,   '2023-03-09 10:47:50',true,14);insert into Member (name,surname,age,gender,city, mail,birthday,real_user,id) values (name,surname,0,'FEMALE',city, mail,   '2023-03-09 10:47:50',true,15);insert into Member (name,surname,age,gender,city, mail,birthday,real_user,id) values (name,surname,0,'FEMALE',city, mail,   '2023-03-09 10:47:50',true,16);insert into Member (name,surname,age,gender,city, mail,birthday,real_user,id) values (name,surname,0,'FEMALE',city, mail,   '2023-03-09 10:47:50',true,17);insert into Member (name,surname,age,gender,city, mail,birthday,real_user,id) values (name,surname,0,'FEMALE',city, mail,   '2023-03-09 10:47:50',true,18);insert into Member (name,surname,age,gender,city, mail,birthday,real_user,id) values (name,surname,0,'FEMALE',city, mail,   '2023-03-09 10:47:50',true,19);insert into Member (name,surname,age,gender,city, mail,birthday,real_user,id) values (name,surname,0,'FEMALE',city, mail,   '2023-03-09 10:47:50',true,20);insert into Member (name,surname,age,gender,city, mail,birthday,real_user,id) values (name,surname,0,'FEMALE',city, mail,   '2023-03-09 10:47:50',true,21);insert into Member (name,surname,age,gender,city, mail,birthday,real_user,id) values (name,surname,0,'FEMALE',city, mail,   '2023-03-09 10:47:50',true,22);insert into Member (name,surname,age,gender,city, mail,birthday,real_user,id) values (name,surname,0,'FEMALE',city, mail,   '2023-03-09 10:47:50',true,23);insert into Member (name,surname,age,gender,city, mail,birthday,real_user,id) values (name,surname,0,'FEMALE',city, mail,   '2023-03-09 10:47:50',true,24);insert into Member (name,surname,age,gender,city, mail,birthday,real_user,id) values (name,surname,0,'FEMALE',city, mail,   '2023-03-09 10:47:50',true,25);insert into Member (name,surname,age,gender,city, mail,birthday,real_user,id) values (name,surname,0,'FEMALE',city, mail,   '2023-03-09 10:47:50',true,26);insert into Member (name,surname,age,gender,city, mail,birthday,real_user,id) values (name,surname,0,'FEMALE',city, mail,   '2023-03-09 10:47:50',true,27);insert into Member (name,surname,age,gender,city, mail,birthday,real_user,id) values (name,surname,0,'FEMALE',city, mail,   '2023-03-09 10:47:50',true,28);insert into Member (name,surname,age,gender,city, mail,birthday,real_user,id) values (name,surname,0,'FEMALE',city, mail,   '2023-03-09 10:47:50',true,29);insert into Member (name,surname,age,gender,city, mail,birthday,real_user,id) values (name,surname,0,'FEMALE',city, mail,   '2023-03-09 10:47:50',true,30);insert into Member (name,surname,age,gender,city, mail,birthday,real_user,id) values (name,surname,0,'FEMALE',city, mail,   '2023-03-09 10:47:50',true,31);insert into Member (name,surname,age,gender,city, mail,birthday,real_user,id) values (name,surname,0,'FEMALE',city, mail,   '2023-03-09 10:47:50',true,32);insert into Member (name,surname,age,gender,city, mail,birthday,real_user,id) values (name,surname,0,'FEMALE',city, mail,   '2023-03-09 10:47:50',true,33);insert into Member (name,surname,age,gender,city, mail,birthday,real_user,id) values (name,surname,0,'FEMALE',city, mail,   '2023-03-09 10:47:50',true,34);insert into Member (name,surname,age,gender,city, mail,birthday,real_user,id) values (name,surname,0,'FEMALE',city, mail,   '2023-03-09 10:47:50',true,35);insert into Member (name,surname,age,gender,city, mail,birthday,real_user,id) values (name,surname,0,'FEMALE',city, mail,   '2023-03-09 10:47:50',true,36);insert into Member (name,surname,age,gender,city, mail,birthday,real_user,id) values (name,surname,0,'FEMALE',city, mail,   '2023-03-09 10:47:50',true,37);insert into Member (name,surname,age,gender,city, mail,birthday,real_user,id) values (name,surname,0,'FEMALE',city, mail,   '2023-03-09 10:47:50',true,38);insert into Member (name,surname,age,gender,city, mail,birthday,real_user,id) values (name,surname,0,'FEMALE',city, mail,   '2023-03-09 10:47:50',true,39);insert into Hive_Member (hive_id, member_id, role) values (1,1,'QueenBee');insert into Hive_Member (hive_id, member_id, role) values (1,2,'WorkerBee');insert into Hive_Member (hive_id, member_id, role) values (1,3,'WorkerBee');insert into Hive_Member (hive_id, member_id, role) values (1,4,'WorkerBee');insert into Hive_Member (hive_id, member_id, role) values (1,5,'WorkerBee');insert into Hive_Member (hive_id, member_id, role) values (1,6,'WorkerBee');insert into Hive_Member (hive_id, member_id, role) values (1,7,'WorkerBee');insert into Hive_Member (hive_id, member_id, role) values (1,8,'WorkerBee');insert into Hive_Member (hive_id, member_id, role) values (1,9,'WorkerBee');insert into Hive_Member (hive_id, member_id, role) values (1,10,'WorkerBee');insert into Hive_Member (hive_id, member_id, role) values (1,11,'WorkerBee');insert into Hive_Member (hive_id, member_id, role) values (1,12,'WorkerBee');insert into Hive_Member (hive_id, member_id, role) values (1,13,'WorkerBee');insert into Hive_Member (hive_id, member_id, role) values (1,14,'WorkerBee');insert into Hive_Member (hive_id, member_id, role) values (1,15,'WorkerBee');insert into Hive_Member (hive_id, member_id, role) values (1,16,'WorkerBee');insert into Hive_Member (hive_id, member_id, role) values (1,17,'WorkerBee');insert into Hive_Member (hive_id, member_id, role) values (1,18,'WorkerBee');insert into Hive_Member (hive_id, member_id, role) values (1,19,'WorkerBee');insert into Hive_Member (hive_id, member_id, role) values (1,20,'WorkerBee');insert into Hive_Member (hive_id, member_id, role) values (1,21,'WorkerBee');insert into Hive_Member (hive_id, member_id, role) values (1,22,'WorkerBee');insert into Hive_Member (hive_id, member_id, role) values (1,23,'WorkerBee');insert into Hive_Member (hive_id, member_id, role) values (1,24,'WorkerBee');insert into Hive_Member (hive_id, member_id, role) values (1,25,'WorkerBee');insert into Hive_Member (hive_id, member_id, role) values (1,26,'WorkerBee');insert into Hive_Member (hive_id, member_id, role) values (1,27,'WorkerBee');insert into Hive_Member (hive_id, member_id, role) values (1,28,'WorkerBee');insert into Hive_Member (hive_id, member_id, role) values (1,29,'WorkerBee');insert into Hive_Member (hive_id, member_id, role) values (1,30,'WorkerBee');insert into Hive_Member (hive_id, member_id, role) values (1,31,'WorkerBee');insert into Hive_Member (hive_id, member_id, role) values (1,32,'WorkerBee');insert into Hive_Member (hive_id, member_id, role) values (1,33,'WorkerBee');insert into Hive_Member (hive_id, member_id, role) values (1,34,'WorkerBee');insert into Hive_Member (hive_id, member_id, role) values (1,35,'WorkerBee');insert into Hive_Member (hive_id, member_id, role) values (1,36,'WorkerBee');insert into Hive_Member (hive_id, member_id, role) values (1,37,'WorkerBee');insert into Hive_Member (hive_id, member_id, role) values (1,38,'WorkerBee');insert into Hive_Member (hive_id, member_id, role) values (1,39,'WorkerBee');insert into Device (id) values (1);insert into Device (id) values (2);insert into Device (id) values (3);insert into Device (id) values (4);insert into Device (id) values (5);insert into Device (id) values (6);insert into Device (id) values (7);insert into Device (id) values (8);insert into Device (id) values (9);insert into Device (id) values (10);insert into Device (id) values (11);insert into Device (id) values (12);insert into Device (id) values (13);insert into Device (id) values (14);insert into Device (id) values (15);insert into Device (id) values (16);insert into Device (id) values (17);insert into Device (id) values (18);insert into Device (id) values (19);insert into Device (id) values (20);insert into Device (id) values (21);insert into Device (id) values (22);insert into Device (id) values (23);insert into Device (id) values (24);insert into Device (id) values (25);insert into Device (id) values (26);insert into Device (id) values (27);insert into Device (id) values (28);insert into Device (id) values (29);insert into Device (id) values (30);insert into Device (id) values (31);insert into Device (id) values (32);insert into Device (id) values (33);insert into Device (id) values (34);insert into Device (id) values (35);insert into Device (id) values (36);insert into Device (id) values (37);insert into Device (id) values (38);insert into Device (id) values (39);insert into Member_Device (device_id, member_id) values (1,1);insert into Member_Device (device_id, member_id) values (2,2);insert into Member_Device (device_id, member_id) values (3,3);insert into Member_Device (device_id, member_id) values (4,4);insert into Member_Device (device_id, member_id) values (5,5);insert into Member_Device (device_id, member_id) values (6,6);insert into Member_Device (device_id, member_id) values (7,7);insert into Member_Device (device_id, member_id) values (8,8);insert into Member_Device (device_id, member_id) values (9,9);insert into Member_Device (device_id, member_id) values (10,10);insert into Member_Device (device_id, member_id) values (11,11);insert into Member_Device (device_id, member_id) values (12,12);insert into Member_Device (device_id, member_id) values (13,13);insert into Member_Device (device_id, member_id) values (14,14);insert into Member_Device (device_id, member_id) values (15,15);insert into Member_Device (device_id, member_id) values (16,16);insert into Member_Device (device_id, member_id) values (17,17);insert into Member_Device (device_id, member_id) values (18,18);insert into Member_Device (device_id, member_id) values (19,19);insert into Member_Device (device_id, member_id) values (20,20);insert into Member_Device (device_id, member_id) values (21,21);insert into Member_Device (device_id, member_id) values (22,22);insert into Member_Device (device_id, member_id) values (23,23);insert into Member_Device (device_id, member_id) values (24,24);insert into Member_Device (device_id, member_id) values (25,25);insert into Member_Device (device_id, member_id) values (26,26);insert into Member_Device (device_id, member_id) values (27,27);insert into Member_Device (device_id, member_id) values (28,28);insert into Member_Device (device_id, member_id) values (29,29);insert into Member_Device (device_id, member_id) values (30,30);insert into Member_Device (device_id, member_id) values (31,31);insert into Member_Device (device_id, member_id) values (32,32);insert into Member_Device (device_id, member_id) values (33,33);insert into Member_Device (device_id, member_id) values (34,34);insert into Member_Device (device_id, member_id) values (35,35);insert into Member_Device (device_id, member_id) values (36,36);insert into Member_Device (device_id, member_id) values (37,37);insert into Member_Device (device_id, member_id) values (38,38);insert into Member_Device (device_id, member_id) values (39,39);